x,y
3,-2
3,1
4,-2
7,-4
6,-6
7,-3
8,0
11,-1
9,2
8,1
11,1
10,4
9,1
10,-1
10,-4
9,-3
11,0
12,-2
10,-5
10,-2
12,1
14,1
12,1
12,-1
13,0
10,0
10,0
8,1
10,-2
11,-2
11,-3
8,-1
5,1
4,1
3,-2
6,1
4,-2
4,-4
4,-5
7,-8
9,-7
11,-8
14,-6
16,-7
15,-6
15,-6
18,-5
18,-4
15,-4
14,-4
15,-4
14,-4
17,-4
18,-3
15,-5
18,-7
16,-10
16,-12
13,-10
13,-12
15,-11
13,-11
11,-11
8,-8
6,-5
7,-2
5,-1
5,1
5,-1
8,0
8,-3
11,-3
11,0
12,-1
15,-4
14,-1
16,1
13,-2
13,-1
11,-3
11,-3
9,-1
11,1
13,0
15,-3
13,-4
13,-6
15,-3
16,-5
19,-2
17,-3
15,-3
15,-5
13,-6
11,-9
13,-10
13,-11
15,-10
18,-12
21,-12
23,-12
26,-11
26,-8
23,-6
25,-3
26,-3
27,-4
25,-3
28,-6
29,-8
27,-10
24,-12
24,-13
24,-16
24,-15
25,-14
22,-16
23,-19
26,-22
27,-25
24,-25
21,-25
24,-27
21,-30
18,-28
18,-31
21,-30
20,-29
19,-31
16,-29
15,-32
14,-29
11,-27
10,-29
11,-28
9,-25
12,-24
10,-24
7,-26
7,-28
10,-31
7,-34
7,-34
5,-31
2,-32
5,-30
8,-31
10,-32
11,-34
10,-32
10,-34
12,-32
11,-31
10,-33
7,-35
6,-37
7,-34
10,-34
12,-36
11,-39
8,-42
9,-40
7,-39
10,-39
13,-36
15,-34
18,-37
17,-37
14,-37
17,-36
20,-36
18,-38
16,-38
16,-37
17,-35
16,-34
19,-31
22,-30
19,-33
19,-35
20,-38
20,-36
22,-37
23,-35
26,-37
29,-37
30,-36
33,-37
32,-39
33,-42
33,-41
34,-39
37,-42
36,-44
35,-46
37,-44
37,-45
35,-43
33,-43
34,-46
36,-47
33,-46
34,-43
36,-43
36,-44
36,-41
36,-38
36,-41
36,-43
38,-42
40,-40
39,-43
37,-43
40,-40
40,-40
37,-37
40,-39
42,-41
39,-40
36,-38
33,-37
32,-39
34,-41
31,-41
31,-43
32,-44
29,-41
28,-44
31,-46
33,-45
32,-43
29,-40
31,-37
32,-35
29,-33
28,-30
26,-31
26,-30
29,-31
28,-33
30,-36
27,-34
27,-33
24,-31
26,-32
23,-32
21,-34
21,-37
21,-39
23,-39
26,-42
24,-42
23,-44
20,-45
21,-42
18,-44
15,-46
14,-48
11,-47
9,-47
7,-47
7,-45
9,-45
12,-43
13,-42
10,-43
7,-41
6,-43
8,-44
6,-41
7,-40
7,-40
5,-38
7,-40
10,-43
10,-40
13,-43
12,-44
11,-44
8,-47
11,-48
13,-47
14,-48
14,-45
12,-46
14,-43
16,-44
15,-46
18,-47
15,-45
12,-46
12,-48
11,-50
13,-49
14,-46
13,-46
13,-49
13,-52
12,-53
12,-52
11,-53
9,-56
8,-53
11,-50
10,-47
10,-49
13,-49
13,-48
10,-50
7,-50
10,-49
8,-48
5,-51
4,-53
4,-52
1,-50
-2,-47
-4,-46
-1,-46
2,-49
4,-50
2,-47
1,-50
4,-51
4,-53
2,-55
-1,-54
-1,-52
-1,-54
-4,-53
-6,-50
-9,-53
-7,-55
-7,-58
-6,-61
-5,-59
-6,-61
-3,-64
-6,-62
-9,-60
-10,-62
-11,-60
-12,-62
-12,-64
-10,-65
-13,-68
-13,-68
-14,-70
-17,-73
-17,-70
-15,-68
-15,-67
-13,-69
-14,-67
-12,-65
-15,-63
-16,-61
-19,-59
-18,-61
-20,-58
-18,-58
-20,-59
-22,-57
-20,-55
-21,-56
-20,-53
-23,-50
-23,-52
-26,-55
-26,-54
-29,-53
-27,-56
-26,-58
-26,-57
-23,-54
-24,-55
-27,-58
-30,-55
-30,-55
-31,-57
-32,-60
-30,-59
-27,-61
-25,-62
-23,-64
-21,-66
-19,-67
-17,-65
-16,-66
-17,-63
-15,-65
-16,-66
-17,-64
-19,-61
-18,-64
-16,-65
-19,-66
-19,-68
-16,-65
-19,-68
-18,-68
-18,-68
-17,-67
-18,-68
-18,-69
-19,-72
-22,-70
-25,-70
-25,-69
-25,-72
-23,-73
-22,-73
-20,-70
-19,-69
-17,-71
-18,-71
-18,-70
-21,-73
-20,-75
-19,-74
-22,-73
-20,-74
-19,-72
-16,-72
-17,-73
-17,-70
-20,-72
-20,-70
-17,-69
-16,-70
-15,-68
-12,-65
-15,-65
-16,-62
-18,-64
-21,-67
-23,-68
-20,-70
-18,-73
-20,-74
-21,-76
-19,-73
-21,-75
-18,-73
-16,-70
-13,-71
-15,-73
-12,-72
-13,-73
-15,-75
-17,-73
-19,-76
-22,-79
-25,-78
-28,-79
-29,-77
-27,-79
-24,-81
-23,-84
-25,-82
-22,-79
-24,-78
-25,-81
-27,-84
-30,-83
-29,-84
-29,-86
-31,-87
-28,-85
-31,-82
-31,-82
-30,-82
-30,-82
-33,-81
-31,-84
-29,-81
-29,-82
-30,-84
-27,-84
-24,-85
-24,-85
-26,-82
-28,-82
-25,-84
-22,-82
-20,-80
-21,-77
-24,-75
-26,-74
-23,-77
-21,-76
-20,-77
-18,-76
-20,-77
-22,-78
-20,-81
-23,-83
-23,-80
-25,-83
-23,-80
-20,-78
-18,-76
-19,-75
-19,-76
-18,-76
-21,-76
-20,-73
-20,-74
-20,-71
-20,-74
-19,-76
-16,-79
-16,-80
-14,-81
-13,-83
-13,-80
-11,-79
-8,-78
-9,-80
-6,-79
-6,-79
-5,-78
-7,-77
-7,-76
-9,-76
-7,-73
-8,-72
-11,-70
-8,-70
-9,-72
-9,-75
-11,-77
-8,-80
-10,-82
-9,-80
-11,-83
-10,-86
-8,-87
-5,-90
-2,-93
-5,-94
-5,-93
-4,-92
-7,-93
-9,-93
-11,-96
-14,-99
-11,-100
-13,-101
-11,-101
-9,-99
-12,-98
-11,-100
-10,-98
-13,-95
-12,-94
-9,-97
-6,-94
-5,-92
-3,-93
-2,-93
1,-92
0,-92
0,-89
-2,-88
-3,-86
-2,-89
0,-91
-3,-91
-2,-91
0,-93
0,-93
1,-93
4,-92
1,-91
3,-93
5,-90
7,-93
7,-91
8,-89
8,-86
6,-86
4,-89
5,-91
8,-88
8,-90
5,-89
7,-89
9,-90
10,-92
13,-89
11,-89
9,-92
11,-89
12,-88
12,-86
10,-89
10,-91
13,-93
11,-96
9,-98
8,-95
6,-95
3,-97
4,-96
5,-96
5,-93
8,-94
6,-96
3,-98
3,-97
2,-94
2,-93
2,-91
0,-88
-1,-91
-1,-94
-4,-97
-7,-96
-6,-99
-7,-96
-8,-99
-7,-100
-7,-103
-8,-105
-11,-103
-14,-102
-16,-102
-17,-100
-17,-101
-16,-100
-15,-97
-15,-96
-12,-98
-10,-95
-12,-93
-11,-91
-12,-94
-14,-91
-15,-93
-12,-96
-15,-99
-17,-98
-16,-96
-18,-99
-20,-100
-22,-101
-20,-99
-22,-100
-23,-99
-26,-101
-23,-101
-23,-104
-25,-104
-24,-106
-26,-108
-25,-107
-26,-108
-25,-109
-25,-111
-28,-110
-27,-109
-26,-107
-29,-104
-29,-107
-31,-104
-30,-105
-33,-107
-34,-105
-37,-105
-38,-106
-38,-109
-40,-108
-43,-110
-40,-111
-37,-111
-35,-114
-34,-117
-34,-115
-37,-116
-34,-116
-33,-119
-30,-121
-33,-124
-34,-124
-37,-123
-35,-122
-38,-120
-41,-121
-39,-121
-39,-119
-42,-116
-40,-119
-39,-116
-40,-119
-41,-118
-44,-116
-44,-115
-44,-117
-43,-114
-46,-111
-47,-110
-47,-112
-50,-115
-47,-113
-47,-115
-45,-113
-42,-110
-42,-108
-43,-105
-45,-107
-42,-104
-41,-105
-40,-102
-41,-101
-41,-103
-44,-106
-44,-104
-45,-104
-44,-106
-44,-105
-43,-102
-40,-100
-43,-101
-40,-104
-39,-105
-38,-105
-40,-107
-42,-105
-39,-107
-37,-106
-34,-108
-36,-111
-35,-111
-36,-112
-33,-112
-32,-110
-33,-112
-34,-110
-36,-111
-33,-109
-33,-108
-36,-108
-38,-109
-40,-110
-40,-107
-43,-108
-42,-105
-40,-108
-37,-105
-35,-105
-34,-103
-36,-100
-39,-101
-41,-101
-42,-98
-44,-95
-46,-96
-45,-95
-44,-94
-43,-91
-41,-90
-42,-92
-41,-93
-44,-95
-42,-95
-42,-97
-45,-97
-42,-94
-39,-94
-42,-94
-41,-92
-41,-94
-41,-92
-39,-89
-39,-90
-36,-92
-37,-93
-36,-94
-36,-94
-34,-96
-31,-97
-32,-96
-34,-97
-36,-96
-37,-98
-34,-95
-32,-93
-33,-95
-32,-93
-31,-91
-33,-93
-33,-94
-31,-97
-33,-98
-33,-99
-33,-96
-32,-96
-29,-96
-32,-97
-29,-96
-32,-93
-33,-91
-32,-91
-32,-92
-30,-89
-33,-92
-30,-91
-30,-93
-33,-94
-36,-91
-39,-92
-37,-90
-36,-89
-34,-89
-36,-89
-36,-89
-35,-91
-34,-88
-33,-87
-30,-86
-29,-86
-27,-86
-26,-84
-27,-87
-27,-90
-26,-91
-26,-92
-27,-91
-28,-90
-28,-92
-31,-94
-33,-97
-30,-98
-33,-101
-36,-104
-34,-105
-31,-102
-28,-104
-31,-102
-30,-100
-28,-98
-26,-99
-27,-99
-24,-99
-27,-99
-28,-98
-28,-100
-30,-102
-28,-99
-28,-96
-28,-95
-27,-98
-29,-95
-29,-93
-29,-93
-31,-91
-33,-91
-33,-89
-35,-92
-35,-90
-35,-88
-34,-89
-37,-87
-37,-88
-38,-90
-36,-89
-33,-87
-36,-89
-39,-86
-42,-83
-41,-84
-41,-82
-40,-80
-40,-83
-39,-85
-38,-85
-36,-85
-37,-88
-36,-89
-34,-89
-36,-89
-37,-86
-36,-83
-33,-82
-36,-84
-38,-85
-40,-83
-38,-85
-40,-86
-41,-86
-40,-85
-39,-87
-36,-87
-39,-88
-37,-90
-40,-88
-42,-90
-39,-90
-42,-92
-43,-90
-42,-89
-44,-88
-41,-88
-44,-89
-42,-89
-43,-88
-44,-91
-47,-94
-46,-96
-49,-94
-51,-91
-54,-88
-55,-85
-52,-87
-55,-90
-54,-89
-51,-91
-49,-88
-49,-85
-52,-85
-51,-82
-48,-80
-47,-77
-45,-77
-46,-74
-45,-72
-42,-71
-41,-73
-40,-71
-39,-71
-41,-73
-43,-75
-44,-75
-47,-78
-46,-75
-44,-73
-47,-73
-45,-72
-48,-73
-49,-73
-48,-70
-47,-67
-47,-69
-45,-71
-48,-71
-51,-72
-53,-72
-53,-73
-50,-74
-47,-71
-49,-68
-51,-65
-53,-64
-51,-61
-49,-59
-50,-61
-51,-63
-53,-64
-53,-66
-56,-69
-54,-70
-54,-72
-53,-75
-51,-74
-49,-76
-50,-79
-53,-79
-56,-77
-53,-77
-50,-80
-47,-81
-44,-78
-43,-75
-42,-72
-40,-73
-42,-75
-43,-72
-44,-72
-41,-73
-39,-74
-39,-71
-41,-71
-39,-70
-41,-71
-43,-68
-45,-66
-43,-69
-40,-71
-41,-72
-42,-70
-39,-68
-41,-69
-41,-68
-44,-71
-42,-73
-45,-74
-42,-76
-42,-76
-40,-74
-37,-72
-39,-73
-40,-74
-43,-74
-42,-73
-41,-74
-41,-72
-43,-74
-46,-77
-48,-74
-51,-76
-51,-75
-51,-78
-50,-80
-52,-82
-50,-82
-49,-79
-51,-78
-50,-76
-48,-76
-49,-79
-50,-76
-51,-74
-52,-74
-49,-71
-52,-70
-49,-71
-46,-72
-43,-75
-44,-76
-42,-76
-42,-79
-42,-77
-45,-76
-46,-79
-47,-77
-48,-80
-47,-82
-49,-84
-48,-87
-50,-84
-51,-85
-52,-87
-51,-84
-50,-81
-52,-80
-52,-78
-54,-78
-53,-80
-51,-83
-50,-84
-48,-84
-51,-82
-50,-79
-53,-77
-53,-79
-55,-77
-53,-75
-55,-76
-58,-73
-56,-74
-58,-75
-57,-78
-58,-76
-61,-74
-63,-72
-66,-71
-63,-72
-66,-72
-64,-74
-61,-71
-59,-71
-60,-68
-57,-71
-56,-74
-59,-71
-61,-69
-61,-69
-64,-67
-67,-66
-68,-69
-67,-72
-67,-72
-64,-75
-61,-74
-58,-73
-56,-72
-54,-74
-56,-73
-56,-72
-53,-74
-51,-72
-53,-73
-52,-76
-54,-75
-52,-78
-53,-78
-54,-81
-51,-78
-52,-76
-49,-78
-46,-81
-44,-84
-45,-87
-42,-88
-42,-89
-41,-89
-43,-91
-45,-94
-43,-97
-44,-100
-45,-103
-42,-104
-45,-102
-42,-100
-41,-100
-41,-97
-43,-96
-40,-98
-43,-96
-46,-93
-43,-96
-41,-94
-43,-94
-41,-93
-41,-91
-44,-91
-47,-92
-46,-91
-46,-91
-49,-88
-49,-86
-51,-87
-52,-84
-55,-84
-54,-84
-56,-81
-53,-79
-53,-78
-50,-79
-48,-82
-50,-84
-47,-83
-50,-84
-50,-81
-51,-81
-53,-78
-56,-79
-55,-76
-53,-73
-53,-75
-55,-73
-57,-75
-58,-78
-59,-81
-58,-83
-56,-82
-55,-81
-58,-78
-61,-75
-60,-75
-58,-78
-57,-78
-55,-81
-53,-83
-50,-82
-50,-79
-48,-78
-49,-80
-47,-80
-45,-80
-43,-81
-40,-78
-37,-75
-40,-72
-37,-75
-38,-75
-39,-77
-36,-77
-35,-76
-35,-79
-32,-76
-30,-74
-32,-75
-32,-78
-32,-77
-33,-74
-33,-73
-30,-72
-28,-69
-26,-68
-29,-70
-27,-71
-25,-69
-26,-68
-24,-67
-27,-67
-29,-68
-26,-71
-27,-72
-29,-73
-30,-70
-29,-67
-29,-64
-28,-62
-26,-63
-28,-61
-26,-60
-26,-57
-27,-56
-27,-53
-30,-55
-30,-53
-33,-51
-33,-54
-30,-54
-33,-55
-35,-58
-33,-56
-31,-59
-30,-61
-28,-61
-29,-59
-26,-57
-26,-58
-25,-55
-26,-55
-27,-57
-30,-56
-28,-59
-30,-60
-32,-58
-31,-57
-28,-59
-30,-59
-30,-62
-32,-63
-31,-61
-33,-59
-33,-58
-36,-57
-33,-60
-32,-60
-35,-62
-38,-59
-41,-59
-42,-59
-39,-59
-37,-56
-34,-59
-35,-56
-33,-59
-30,-56
-33,-58
-32,-58
-30,-61
-30,-58
-30,-60
-32,-57
-30,-55
-29,-57
-30,-57
-33,-58
-35,-58
-35,-59
-36,-61
-37,-59
-40,-57
-38,-60
-38,-58
-37,-57
-38,-59
-41,-62
-40,-60
-38,-62
-38,-62
-36,-60
-37,-57
-36,-58
-35,-60
-34,-63
-35,-63
-36,-62
-34,-62
-36,-60
-34,-61
-34,-61
-37,-60
-36,-57
-38,-60
-41,-62
-43,-63
-40,-62
-38,-60
-39,-58
-38,-56
-36,-57
-39,-57
-36,-58
-33,-56
-30,-53
-33,-52
-36,-54
-39,-56
-42,-57
-39,-55
-36,-58
-38,-55
-36,-56
-35,-54
-36,-54
-33,-56
-34,-58
-32,-55
-30,-57
-31,-60
-28,-58
-29,-56
-31,-53
-31,-51
-28,-48
-25,-46
-24,-49
-27,-48
-27,-49
-25,-50
-22,-48
-23,-48
-23,-50
-22,-53
-20,-53
-23,-53
-26,-51
-25,-54
-24,-55
-25,-57
-22,-58
-25,-58
-23,-60
-23,-59
-21,-59
-23,-60
-25,-61
-24,-59
-25,-60
-27,-63
-30,-63
-28,-60
-26,-57
-25,-59
-22,-60
-19,-58
-19,-56
-18,-57
-18,-60
-15,-58
-14,-55
-13,-57
-12,-57
-9,-56
-9,-59
-9,-57
-8,-57
-10,-56
-11,-57
-8,-58
-9,-60
-10,-59
-10,-60
-10,-61
-12,-58
-13,-56
-14,-58
-13,-58
-13,-59
-14,-56
-12,-59
-14,-62
-12,-62
-10,-61
-7,-63
-4,-60
-6,-58
-4,-55
-5,-58
-5,-61
-7,-61
-6,-60
-4,-59
-6,-59
-9,-56
-12,-59
-9,-56
-9,-53
-10,-55
-10,-58
-10,-57
-10,-55
-10,-52
-9,-55
-8,-52
-5,-54
-7,-55
-10,-58
-10,-58
-7,-59
-9,-56
-12,-56
-10,-56
-11,-56
-10,-59
-8,-58
-11,-55
-9,-56
-10,-58
-7,-57
-10,-54
-8,-57
-7,-57
-6,-59
-8,-56
-6,-57
-6,-54
-4,-53
-1,-51
-4,-50
-7,-47
-4,-49
-2,-46
1,-43
0,-46
3,-47
4,-49
7,-46
4,-46
5,-47
2,-46
0,-48
0,-47
-3,-44
-2,-43
-4,-42
-7,-45
-8,-44
-5,-44
-5,-44
-8,-45
-10,-42
-11,-40
-9,-39
-11,-38
-8,-40
-10,-43
-11,-41
-13,-42
-14,-40
-17,-39
-18,-41
-19,-38
-19,-41
-20,-38
-21,-39
-19,-37
-22,-38
-19,-37
-19,-38
-17,-35
-16,-37
-19,-38
-22,-38
-21,-40
-18,-38
-19,-41
-17,-44
-19,-43
-19,-42
-21,-42
-20,-40
-23,-37
-20,-40
-23,-43
-23,-46
-26,-43
-29,-46
-29,-47
-27,-45
-25,-47
-25,-49
-22,-49
-21,-50
-24,-53
-21,-56
-24,-55
-23,-54
-21,-54
-18,-57
-19,-57
-20,-58
-21,-60
-19,-63
-17,-61
-16,-58
-19,-59
-18,-62
-17,-59
-15,-57
-16,-56
-18,-56
-21,-55
-19,-57
-20,-56
-17,-59
-19,-57
-21,-56
-19,-59
-19,-61
-22,-58
-24,-56
-22,-55
-20,-55
-21,-55
-18,-53
-18,-53
-21,-52
-20,-51
-17,-49
-14,-48
-15,-45
-17,-48
-19,-50
-20,-47
-18,-44
-20,-44
-20,-47
-23,-45
-20,-45
-17,-48
-17,-47
-19,-45
-16,-43
-15,-43
-18,-42
-21,-42
-18,-43
-19,-46
-16,-47
-17,-50
-14,-52
-13,-49
-11,-47
-14,-47
-11,-49
-10,-51
-11,-49
-12,-47
-15,-50
-15,-51
-12,-50
-14,-53
-15,-52
-13,-54
-11,-53
-12,-54
-12,-57
-12,-55
-11,-56
-9,-53
-8,-54
-6,-51
-3,-54
0,-52
-2,-53
1,-50
-1,-48
2,-48
-1,-48
2,-48
3,-47
2,-48
3,-51
2,-54
2,-53
3,-56
3,-53
1,-53
-1,-54
-4,-57
-1,-60
0,-62
0,-64
-1,-66
-3,-67
0,-67
-2,-65
-3,-65
0,-65
3,-66
3,-63
3,-60
4,-61
5,-63
7,-66
9,-65
6,-64
4,-62
5,-65
5,-63
4,-65
4,-63
2,-66
4,-69
4,-68
1,-65
-1,-67
1,-68
0,-66
2,-65
5,-63
2,-61
0,-62
-1,-64
-4,-67
-2,-67
-5,-65
-7,-65
-6,-67
-9,-67
-6,-65
-9,-66
-7,-66
-5,-68
-6,-70
-4,-67
-4,-64
-6,-65
-8,-65
-7,-65
-6,-62
-8,-65
-5,-64
-4,-66
-5,-69
-3,-71
-5,-74
-4,-71
-6,-68
-6,-67
-9,-70
-7,-72
-9,-72
-12,-74
-11,-72
-14,-69
-12,-70
-14,-71
-14,-68
-11,-66
-10,-67
-12,-64
-10,-65
-9,-62
-10,-61
-13,-61
-10,-61
-8,-63
-9,-61
-11,-58
-11,-61
-10,-63
-13,-65
-12,-62
-9,-59
-11,-61
-10,-63
-13,-63
-15,-66
-14,-68
-14,-68
-12,-70
-14,-71
-12,-73
-14,-70
-14,-68
-12,-66
-13,-68
-16,-67
-17,-68
-16,-71
-16,-73
-17,-76
-19,-77
-18,-79
-17,-78
-18,-78
-19,-77
-19,-74
-22,-73
-23,-73
-20,-70
-21,-70
-19,-68
-21,-68
-18,-70
-15,-73
-13,-71
-11,-69
-10,-72
-13,-70
-15,-70
-15,-69
-12,-70
-12,-70
-13,-67
-14,-64
-14,-63
-15,-62
-18,-60
-16,-62
-17,-64
-16,-62
-17,-60
-19,-63
-22,-66
-24,-67
-26,-68
-25,-69
-28,-70
-31,-69
-34,-68
-37,-71
-40,-73
-39,-71
-40,-68
-42,-70
-45,-70
-42,-69
-43,-70
-44,-71
-46,-71
-45,-73
-45,-74
-45,-76
-46,-74
-44,-74
-42,-71
-44,-73
-44,-71
-45,-73
-44,-75
-44,-76
-45,-79
-46,-78
-49,-80
-48,-82
-51,-84
-53,-87
-56,-85
-53,-82
-56,-79
-53,-79
-53,-80
-51,-83
-52,-81
-49,-83
-48,-81
-51,-84
-48,-87
-47,-90
-45,-90
-43,-89
-46,-90
-48,-90
-51,-90
-51,-89
-48,-89
-49,-92
-51,-95
-54,-93
-53,-95
-55,-95
-52,-97
-54,-98
-51,-95
-54,-98
-51,-96
-53,-97
-52,-95
-50,-92
-52,-89
-49,-88
-47,-91
-44,-92
-43,-91
-40,-88
-43,-89
-44,-87
-46,-86
-47,-85
-44,-88
-43,-90
-45,-88
-42,-86
-40,-85
-40,-84
-37,-87
-38,-89
-40,-87
-41,-84
-43,-84
-40,-84
-43,-86
-41,-87
-38,-90
-39,-92
-39,-92
-39,-91
-38,-91
-40,-90
-41,-93
-40,-92
-41,-94
-43,-93
-40,-94
-37,-96
-37,-99
-34,-101
-31,-102
-34,-105
-34,-105
-33,-106
-31,-109
-34,-106
-33,-105
-35,-107
-38,-110
-37,-112
-39,-111
-39,-114
-37,-114
-39,-111
-36,-108
-37,-109
-39,-112
-41,-111
-39,-114
-40,-116
-37,-114
-36,-117
-35,-114
-37,-111
-38,-108
-39,-108
-36,-111
-34,-112
-34,-115
-33,-113
-31,-110
-34,-112
-33,-109
-31,-112
-30,-112
-30,-111
-33,-114
-33,-117
-30,-118
-33,-118
-35,-116
-33,-115
-36,-112
-33,-114
-30,-117
-30,-115
-29,-114
-32,-116
-30,-114
-33,-114
-34,-114
-33,-113
-31,-110
-29,-112
-31,-112
-31,-111
-33,-111
-31,-111
-30,-109
-33,-107
-36,-107
-35,-108
-33,-106
-30,-108
-33,-107
-30,-106
-33,-103
-36,-105
-36,-107
-36,-109
-37,-106
-39,-108
-38,-111
-37,-108
-36,-107
-37,-110
-37,-107
-35,-107
-32,-107
-29,-106
-27,-106
-28,-108
-26,-105
-25,-108
-27,-110
-30,-110
-27,-108
-27,-111
-27,-113
-28,-110
-28,-109
-27,-111
-24,-109
-22,-109
-21,-112
-22,-111
-21,-114
-19,-113
-21,-110
-22,-113
-24,-113
-27,-110
-29,-107
-32,-106
-35,-107
-37,-110
-38,-113
-36,-115
-35,-114
-34,-112
-32,-113
-29,-113
-26,-115
-29,-116
-32,-115
-33,-116
-33,-113
-35,-116
-38,-113
-37,-116
-38,-118
-40,-117
-41,-116
-43,-117
-45,-119
-43,-118
-46,-116
-47,-114
-48,-111
-46,-114
-45,-115
-44,-115
-41,-118
-44,-120
-47,-119
-47,-122
-45,-122
-44,-122
-46,-120
-47,-122
-50,-125
-51,-126
-52,-129
-52,-127
-51,-124
-54,-124
-55,-126
-58,-128
-60,-129
-60,-131
-62,-129
-65,-127
-62,-125
-65,-127
-64,-129
-65,-127
-66,-129
-68,-131
-68,-131
-65,-134
-63,-133
-64,-135
-63,-134
-65,-131
-67,-130
-65,-130
-64,-132
-64,-130
-63,-129
-63,-131
-62,-132
-61,-129
-64,-127
-66,-128
-65,-129
-63,-128
-62,-129
-63,-129
-65,-129
-66,-128
-68,-130
-69,-133
-68,-135
-67,-137
-70,-139
-68,-141
-69,-139
-69,-142
-72,-140
-73,-141
-74,-138
-77,-140
-76,-137
-77,-137
-76,-136
-79,-135
-78,-133
-80,-131
-80,-131
-77,-133
-78,-130
-76,-127
-76,-130
-73,-131
-72,-130
-73,-131
-72,-134
-74,-132
-77,-129
-78,-128
-75,-129
-72,-127
-74,-130
-76,-131
-77,-128
-76,-130
-74,-128
-71,-131
-68,-132
-70,-129
-70,-131
-72,-133
-70,-136
-69,-136
-68,-133
-68,-130
-65,-129
-67,-132
-66,-134
-64,-136
-65,-139
-68,-139
-71,-138
-74,-139
-71,-142
-73,-141
-73,-138
-72,-137
-73,-135
-71,-137
-72,-138
-70,-141
-67,-143
-69,-141
-72,-139
-74,-141
-71,-141
-71,-140
-71,-143
-68,-146
-66,-149
-65,-151
-64,-148
-62,-148
-62,-149
-62,-147
-62,-149
-64,-146
-64,-147
-65,-145
-68,-143
-68,-143
-66,-142
-69,-145
-71,-146
-69,-148
-72,-149
-70,-148
-72,-151
-73,-152
-75,-151
-77,-153
-75,-153
-72,-150
-71,-148
-71,-150
-71,-153
-72,-151
-73,-148
-73,-150
-72,-152
-72,-154
-69,-156
-68,-154
-69,-157
-72,-154
-70,-153
-67,-154
-64,-154
-65,-151
-66,-152
-68,-153
-65,-153
-67,-150
-69,-148
-67,-151
-69,-151
-68,-154
-68,-152
-71,-153
-72,-156
-71,-154
-74,-152
-71,-151
-68,-151
-65,-150
-64,-151
-63,-151
-64,-152
-64,-151
-66,-148
-63,-146
-61,-147
-61,-147
-59,-147
-60,-148
-61,-148
-62,-146
-65,-143
-63,-141
-63,-141
-63,-142
-62,-141
-61,-141
-58,-141
-57,-141
-58,-141
-58,-142
-56,-141
-57,-140
-60,-143
-59,-143
-60,-143
-61,-146
-64,-145
-66,-147
-66,-145
-64,-147
-61,-146
-63,-143
-62,-143
-63,-145
-66,-146
-69,-147
-69,-150
-71,-149
-68,-148
-68,-150
-69,-150
-69,-149
-67,-151
-70,-153
-73,-151
-72,-149
-71,-148
-68,-150
-69,-153
-67,-156
-69,-154
-69,-153
-66,-153
-67,-150
-66,-153
-66,-156
-65,-154
-65,-152
-67,-151
-68,-149
-68,-150
-66,-147
-63,-149
-66,-152
-64,-153
-62,-153
-59,-154
-62,-153
-60,-153
-60,-153
-60,-151
-60,-152
-63,-151
-61,-154
-64,-151
-64,-149
-61,-150
-59,-153
-57,-154
-56,-152
-55,-155
-57,-153
-58,-154
-57,-154
-60,-151
-59,-153
-61,-150
-59,-150
-61,-148
-59,-145
-56,-143
-53,-141
-51,-144
-52,-143
-51,-141
-54,-138
-57,-135
-57,-132
-55,-132
-58,-134
-59,-132
-57,-130
-58,-128
-61,-131
-64,-129
-64,-129
-67,-130
-65,-129
-62,-126
-60,-124
-58,-127
-58,-127
-58,-125
-61,-128
-63,-129
-65,-131
-65,-129
-68,-129
-70,-132
-73,-135
-76,-133
-79,-136
-78,-138
-76,-141
-79,-138
-78,-137
-78,-134
-80,-133
-78,-136
-75,-134
-77,-133
-75,-133
-72,-132
-74,-129
-72,-132
-74,-130
-76,-131
-73,-129
-75,-127
-77,-125
-74,-125
-74,-127
-77,-124
-78,-127
-77,-129
-78,-130
-79,-132
-77,-135
-80,-132
-78,-129
-81,-132
-78,-133
-75,-136
-78,-137
-80,-138
-80,-141
-82,-140
-82,-137
-80,-138
-80,-141
-78,-140
-75,-137
-76,-138
-73,-135
-70,-134
-71,-131
-71,-131
-71,-129
-69,-129
-71,-128
-69,-129
-71,-132
-68,-134
-69,-137
-66,-134
-69,-136
-69,-138
-71,-135
-69,-132
-70,-133
-72,-132
-70,-135
-70,-134
-67,-134
-67,-135
-66,-136
-69,-136
-68,-139
-69,-137
-71,-137
-72,-140
-69,-142
-67,-139
-67,-140
-66,-143
-65,-142
-62,-139
-61,-138
-58,-135
-59,-136
-59,-136
-61,-134
-59,-134
-61,-137
-62,-137
-60,-138
-59,-141
-62,-143
-63,-143
-64,-143
-64,-141
-66,-144
-67,-143
-68,-143
-67,-144
-66,-144
-64,-142
-61,-144
-58,-142
-61,-142
-58,-141
-58,-138
-61,-138
-59,-141
-58,-141
-55,-140
-57,-143
-56,-144
-56,-147
-55,-145
-55,-147
-55,-145
-55,-142
-53,-145
-53,-146
-53,-146
-55,-149
-58,-147
-59,-150
-62,-153
-62,-156
-64,-157
-63,-156
-65,-155
-65,-158
-67,-159
-64,-160
-66,-157
-66,-160
-64,-158
-61,-156
-63,-158
-64,-161
-65,-163
-67,-161
-65,-159
-64,-162
-64,-164
-65,-166
-64,-169
-66,-166
-65,-168
-62,-165
-65,-165
-66,-163
-68,-162
-68,-159
-66,-156
-63,-153
-65,-154
-65,-156
-63,-158
-61,-159
-63,-161
-60,-162
-59,-159
-58,-162
-56,-162
-55,-159
-58,-159
-56,-157
-54,-154
-54,-153
-53,-155
-50,-154
-48,-157
-45,-157
-48,-154
-48,-157
-50,-160
-47,-162
-45,-165
-48,-162
-49,-159
-52,-159
-55,-156
-55,-155
-57,-155
-58,-157
-57,-157
-56,-158
-53,-157
-56,-158
-56,-159
-56,-157
-55,-154
-52,-156
-49,-159
-46,-160
-47,-160
-49,-163
-50,-163
-48,-163
-46,-166
-48,-169
-47,-166
-49,-166
-49,-168
-47,-165
-50,-164
-53,-162
-52,-161
-52,-163
-53,-160
-53,-158
-56,-155
-59,-158
-57,-156
-57,-156
-57,-155
-60,-153
-61,-153
-60,-150
-57,-152
-56,-150
-56,-150
-55,-147
-58,-144
-61,-141
-61,-143
-61,-146
-58,-148
-55,-150
-53,-149
-53,-146
-54,-146
-53,-144
-53,-143
-55,-140
-53,-141
-55,-143
-58,-144
-55,-141
-54,-140
-54,-140
-56,-139
-55,-139
-58,-139
-55,-136
-56,-139
-54,-136
-53,-138
-52,-137
-53,-137
-52,-134
-55,-131
-58,-130
-59,-129
-57,-129
-57,-127
-59,-128
-59,-130
-58,-132
-60,-130
-61,-133
-62,-131
-60,-134
-62,-137
-65,-135
-67,-137
-66,-138
-69,-140
-66,-137
-63,-139
-60,-141
-61,-139
-63,-137
-60,-134
-60,-131
-58,-129
-58,-131
-55,-132
-53,-135
-52,-134
-52,-137
-54,-134
-56,-131
-56,-134
-53,-133
-55,-135
-54,-136
-57,-137
-54,-140
-53,-139
-51,-136
-50,-136
-47,-138
-45,-141
-42,-142
-44,-139
-47,-137
-44,-135
-41,-134
-43,-133
-44,-136
-46,-136
-44,-137
-46,-140
-48,-140
-51,-137
-53,-136
-50,-134
-53,-136
-53,-133
-54,-131
-57,-132
-55,-133
-55,-131
-58,-128
-61,-126
-62,-126
-59,-129
-57,-128
-56,-128
-55,-130
-58,-128
-60,-130
-58,-132
-58,-132
-60,-131
-62,-128
-60,-129
-57,-132
-60,-133
-63,-132
-66,-133
-69,-131
-68,-129
-71,-129
-70,-131
-69,-130
-66,-129
-69,-130
-70,-130
-70,-131
-72,-132
-71,-131
-69,-132
-67,-134
-67,-135
-65,-137
-66,-136
-64,-136
-66,-134
-68,-136
-67,-136
-70,-136
-67,-138
-68,-137
-67,-140
-68,-140
-71,-140
-69,-139
-67,-138
-64,-139
-67,-138
-66,-138
-63,-140
-66,-143
-66,-140
-68,-141
-65,-138
-62,-140
-61,-143
-62,-146
-62,-149
-61,-147
-64,-149
-67,-150
-70,-151
-73,-154
-74,-156
-74,-154
-72,-157
-74,-156
-75,-153
-76,-154
-74,-151
-72,-151
-74,-154
-76,-153
-74,-154
-77,-151
-78,-149
-77,-151
-79,-152
-81,-149
-79,-151
-79,-148
-78,-150
-77,-148
-79,-146
-82,-149
-82,-152
-81,-153
-83,-151
-82,-150
-79,-147
-79,-144
-79,-141
-76,-142
-77,-139
-74,-139
-72,-141
-70,-138
-72,-140
-72,-143
-73,-140
-74,-139
-73,-137
-72,-135
-69,-138
-70,-138
-67,-139
-64,-140
-63,-139
-63,-142
-60,-145
-63,-145
-63,-142
-64,-143
-65,-140
-62,-143
-62,-140
-61,-138
-60,-137
-58,-138
-59,-138
-61,-137
-59,-139
-58,-137
-58,-137
-57,-136
-57,-139
-55,-141
-56,-141
-55,-144
-52,-142
-52,-144
-53,-145
-55,-148
-55,-147
-53,-144
-55,-144
-57,-146
-60,-149
-59,-150
-59,-147
-61,-147
-64,-147
-62,-150
-63,-151
-60,-149
-57,-146
-57,-144
-59,-146
-56,-149
-55,-146
-52,-148
-49,-146
-46,-143
-49,-143
-51,-145
-50,-146
-52,-145
-52,-143
-52,-141
-52,-142
-50,-139
-47,-136
-45,-133
-48,-135
-48,-138
-47,-138
-49,-137
-46,-140
-47,-143
-46,-144
-43,-146
-41,-144
-39,-142
-38,-143
-36,-145
-36,-146
-39,-144
-41,-147
-44,-147
-41,-144
-43,-146
-45,-145
-48,-144
-47,-147
-49,-148
-52,-149
-54,-147
-55,-150
-54,-148
-54,-146
-56,-145
-57,-143
-57,-140
-57,-138
-54,-137
-56,-134
-59,-135
-61,-137
-62,-137
-62,-135
-64,-132
-67,-134
-64,-133
-66,-135
-65,-135
-62,-137
-65,-134
-66,-136
-66,-138
-68,-140
-71,-143
-68,-141
-67,-140
-70,-140
-68,-139
-67,-142
-64,-145
-65,-142
-65,-145
-62,-143
-63,-146
-65,-148
-68,-147
-66,-148
-65,-148
-64,-151
-67,-150
-65,-147
-68,-150
-70,-148
-71,-151
-68,-154
-67,-157
-69,-154
-70,-157
-72,-157
-70,-156
-69,-154
-66,-157
-69,-160
-72,-163
-73,-166
-70,-168
-70,-170
-68,-171
-69,-174
-69,-175
-71,-175
-69,-176
-71,-175
-68,-177
-67,-179
-65,-182
-65,-185
-64,-185
-67,-183
-67,-183
-68,-182
-71,-185
-74,-188
-75,-188
-73,-188
-76,-188
-73,-190
-73,-191
-72,-192
-75,-195
-75,-197
-77,-197
-77,-200
-76,-202
-76,-201
-77,-199
-76,-201
-74,-198
-76,-201
-77,-202
-75,-199
-75,-199
-74,-197
-76,-196
-77,-194
-75,-192
-73,-194
-75,-197
-72,-200
-72,-198
-74,-198
-72,-201
-75,-199
-76,-202
-78,-202
-75,-201
-73,-198
-73,-196
-71,-197
-71,-198
-73,-196
-73,-198
-72,-197
-71,-199
-70,-196
-67,-197
-64,-197
-67,-195
-64,-192
-66,-195
-64,-196
-62,-195
-65,-196
-62,-195
-62,-194
-65,-192
-65,-191
-65,-193
-66,-190
-64,-190
-63,-191
-60,-191
-60,-188
-61,-191
-59,-188
-58,-189
-58,-189
-58,-189
-61,-187
-64,-185
-62,-182
-61,-179
-61,-182
-59,-181
-57,-182
-59,-180
-56,-181
-59,-184
-58,-182
-58,-180
-56,-179
-56,-180
-58,-181
-57,-182
-55,-181
-55,-179
-58,-182
-55,-183
-57,-183
-56,-182
-58,-184
-61,-187
-60,-187
-62,-188
-63,-190
-66,-193
-69,-192
-72,-194
-73,-192
-74,-189
-74,-191
-72,-188
-69,-188
-71,-191
-71,-191
-73,-191
-70,-192
-68,-191
-69,-193
-67,-196
-68,-194
-65,-193
-63,-192
-63,-195
-62,-194
-62,-195
-64,-194
-64,-195
-61,-197
-64,-199
-66,-199
-64,-200
-66,-198
-65,-200
-66,-199
-64,-202
-66,-205
-64,-202
-62,-203
-60,-201
-61,-201
-58,-200
-58,-201
-56,-198
-59,-201
-56,-202
-55,-201
-56,-199
-58,-197
-59,-199
-61,-198
-62,-195
-64,-197
-62,-199
-62,-201
-64,-202
-66,-199
-69,-202
-71,-200
-74,-201
-73,-204
-71,-202
-74,-199
-74,-196
-71,-195
-69,-193
-72,-191
-70,-188
-68,-186
-66,-186
-65,-185
-65,-186
-66,-187
-67,-190
-70,-191
-68,-193
-71,-191
-70,-192
-69,-195
-71,-198
-70,-200
-72,-203
-72,-200
-75,-200
-72,-197
-72,-195
-71,-193
-71,-191
-71,-190
-71,-191
-70,-191
-67,-192
-65,-192
-65,-193
-67,-195
-66,-192
-66,-195
-63,-198
-61,-195
-60,-197
-61,-197
-59,-194
-61,-193
-61,-193
-58,-196
-59,-195
-56,-196
-57,-195
-56,-195
-57,-197
-59,-198
-61,-198
-64,-199
-66,-198
-64,-201
-65,-201
-67,-203
-66,-200
-63,-199
-60,-199
-63,-201
-60,-201
-61,-200
-64,-200
-65,-201
-64,-200
-67,-200
-67,-197
-65,-200
-63,-200
-64,-201
-61,-203
-61,-200
-64,-202
-64,-199
-64,-201
-61,-204
-64,-205
-63,-204
-60,-206
-60,-203
-60,-204
-59,-204
-59,-207
-59,-208
-59,-209
-57,-208
-54,-209
-56,-208
-53,-211
-52,-214
-52,-214
-49,-213
-47,-212
-46,-214
-47,-216
-44,-216
-45,-219
-45,-217
-43,-219
-41,-220
-38,-223
-37,-221
-36,-222
-34,-219
-33,-218
-31,-221
-28,-218
-30,-218
-28,-217
-29,-216
-28,-217
-26,-214
-24,-213
-21,-215
-20,-218
-22,-220
-19,-221
-21,-219
-18,-220
-17,-223
-20,-222
-19,-219
-18,-216
-20,-216
-22,-217
-21,-220
-20,-220
-19,-219
-21,-217
-20,-218
-19,-216
-19,-219
-22,-217
-23,-215
-26,-218
-26,-221
-27,-222
-24,-220
-23,-220
-23,-223
-20,-222
-19,-220
-21,-223
-19,-223
-19,-220
-21,-221
-21,-219
-21,-216
-23,-219
-24,-222
-27,-221
-26,-220
-26,-218
-25,-215
-23,-212
-25,-215
-24,-213
-26,-216
-25,-215
-28,-215
-31,-217
-34,-219
-37,-222
-40,-219
-43,-218
-45,-219
-45,-220
-44,-222
-47,-222
-49,-224
-51,-227
-53,-227
-53,-228
-52,-225
-52,-224
-53,-223
-50,-226
-52,-228
-53,-231
-51,-230
-54,-231
-51,-230
-54,-230
-54,-227
-51,-224
-50,-222
-51,-221
-50,-220
-50,-217
-53,-215
-50,-215
-49,-217
-48,-216
-51,-213
-48,-216
-49,-215
-52,-218
-51,-218
-52,-217
-53,-214
-56,-214
-55,-214
-55,-216
-54,-215
-56,-218
-53,-221
-51,-220
-51,-218
-52,-220
-52,-222
-49,-224
-50,-227
-47,-227
-48,-224
-48,-222
-49,-224
-50,-227
-52,-230
-51,-230
-50,-229
-48,-228
-46,-225
-48,-222
-46,-224
-43,-221
-43,-223
-46,-221
-43,-218
-46,-218
-49,-220
-51,-220
-48,-223
-50,-225
-51,-228
-54,-229
-54,-229
-52,-230
-52,-232
-50,-235
-53,-237
-56,-238
-59,-240
-61,-238
-58,-237
-56,-238
-53,-240
-55,-243
-57,-245
-56,-248
-56,-247
-56,-249
-57,-246
-59,-243
-57,-242
-56,-243
-55,-246
-52,-243
-52,-241
-54,-242
-55,-245
-57,-244
-54,-241
-57,-241
-59,-243
-56,-242
-59,-245
-62,-248
-63,-251
-61,-254
-61,-256
-63,-257
-66,-255
-68,-255
-66,-257
-66,-260
-64,-262
-64,-261
-63,-259
-63,-262
-64,-262
-62,-265
-65,-263
-64,-263
-65,-261
-67,-261
-65,-262
-62,-259
-59,-260
-62,-262
-62,-264
-65,-264
-62,-267
-64,-264
-63,-263
-62,-262
-60,-265
-59,-268
-57,-269
-55,-268
-53,-268
-50,-266
-47,-268
-47,-266
-48,-267
-46,-266
-44,-263
-45,-266
-48,-263
-46,-260
-46,-259
-45,-259
-44,-260
-46,-263
-48,-261
-47,-261
-46,-259
-43,-261
-43,-262
-44,-262
-46,-262
-43,-260
-40,-263
-41,-265
-38,-263
-38,-263
-37,-264
-35,-264
-36,-263
-35,-264
-34,-265
-37,-265
-38,-268
-35,-269
-33,-268
-34,-266
-31,-269
-30,-272
-28,-275
-25,-276
-25,-279
-22,-279
-25,-282
-24,-281
-21,-283
-23,-282
-25,-283
-28,-286
-28,-289
-27,-289
-28,-287
-31,-290
-31,-287
-32,-286
-34,-287
-36,-289
-37,-292
-40,-294
-42,-297
-41,-298
-39,-296
-36,-295
-37,-296
-38,-298
-40,-301
-43,-303
-42,-302
-45,-299
-45,-300
-45,-302
-43,-304
-45,-303
-47,-300
-49,-303
-47,-300
-47,-302
-50,-301
-48,-304
-46,-301
-49,-298
-51,-295
-50,-293
-53,-296
-53,-293
-54,-291
-55,-292
-52,-291
-49,-288
-47,-291
-48,-289
-47,-287
-49,-288
-49,-288
-46,-287
-45,-287
-45,-290
-45,-289
-47,-290
-45,-293
-46,-292
-48,-291
-47,-291
-45,-294
-44,-295
-42,-296
-39,-299
-38,-302
-40,-300
-38,-302
-36,-302
-36,-305
-36,-308
-39,-310
-38,-312
-38,-311
-41,-308
-38,-309
-35,-309
-35,-308
-34,-311
-32,-313
-33,-311
-32,-312
-34,-311
-31,-309
-31,-310
-31,-307
-29,-304
-31,-302
-29,-304
-31,-303
-32,-302
-29,-299
-29,-300
-29,-298
-30,-300
-33,-303
-30,-302
-28,-305
-29,-307
-27,-304
-26,-303
-26,-302
-24,-300
-26,-303
-24,-300
-23,-298
-20,-298
-20,-301
-21,-304
-20,-304
-20,-306
-18,-308
-15,-307
-18,-308
-15,-306
-18,-307
-20,-306
-17,-307
-17,-310
-20,-313
-21,-313
-21,-313
-22,-312
-19,-311
-20,-308
-23,-307
-23,-310
-21,-311
-20,-309
-23,-306
-26,-303
-24,-300
-24,-299
-24,-298
-21,-301
-22,-299
-19,-302
-17,-300
-14,-303
-12,-304
-12,-303
-13,-305
-10,-307
-13,-306
-15,-303
-14,-302
-17,-301
-17,-300
-16,-297
-18,-295
-20,-296
-21,-298
-20,-298
-21,-300
-24,-302
-22,-299
-20,-302
-18,-301
-17,-300
-15,-299
-18,-302
-19,-299
-18,-300
-19,-301
-18,-298
-19,-298
-21,-299
-22,-296
-20,-297
-22,-296
-23,-294
-22,-291
-21,-293
-20,-294
-20,-295
-23,-298
-22,-298
-24,-296
-23,-299
-23,-298
-21,-300
-23,-300
-23,-303
-21,-300
-18,-301
-15,-302
-17,-302
-18,-303
-21,-300
-24,-303
-24,-306
-22,-307
-25,-308
-23,-307
-21,-309
-21,-309
-21,-312
-21,-312
-24,-311
-21,-314
-21,-313
-24,-312
-24,-310
-23,-311
-21,-308
-21,-306
-23,-306
-21,-303
-19,-303
-19,-304
-16,-301
-17,-299
-14,-299
-14,-297
-12,-298
-14,-295
-12,-292
-9,-295
-11,-294
-14,-293
-13,-291
-11,-288
-11,-288
-14,-286
-13,-284
-13,-286
-14,-283
-14,-282
-16,-279
-18,-280
-19,-278
-22,-280
-21,-282
-21,-281
-23,-280
-26,-279
-27,-280
-24,-282
-22,-282
-19,-283
-16,-286
-18,-284
-19,-283
-19,-285
-16,-283
-13,-280
-12,-281
-14,-284
-16,-281
-16,-282
-14,-283
-17,-283
-16,-281
-18,-281
-17,-282
-19,-285
-18,-287
-19,-289
-16,-286
-18,-284
-17,-283
-20,-282
-21,-284
-22,-285
-25,-286
-24,-286
-24,-284
-27,-284
-26,-283
-29,-285
-32,-282
-34,-283
-33,-285
-33,-288
-30,-290
-32,-293
-35,-293
-32,-293
-30,-292
-27,-294
-30,-296
-33,-299
-32,-299
-31,-302
-33,-302
-33,-305
-35,-305
-36,-308
-39,-305
-36,-305
-34,-303
-37,-306
-40,-308
-42,-307
-40,-305
-38,-303
-36,-306
-38,-305
-41,-307
-43,-305
-42,-307
-41,-307
-43,-304
-41,-303
-44,-300
-46,-301
-48,-301
-50,-300
-51,-303
-50,-300
-47,-303
-45,-305
-45,-303
-42,-300
-40,-301
-40,-304
-41,-303
-43,-300
-44,-297
-45,-295
-42,-293
-45,-292
-42,-290
-41,-293
-41,-292
-43,-291
-40,-293
-40,-294
-38,-291
-38,-293
-36,-294
-33,-293
-32,-290
-29,-288
-27,-289
-27,-288
-27,-287
-25,-289
-26,-291
-25,-289
-28,-289
-30,-292
-30,-292
-32,-292
-35,-289
-32,-286
-34,-284
-37,-281
-35,-282
-36,-280
-36,-278
-39,-277
-41,-276
-41,-275
-42,-278
-40,-279
-37,-280
-37,-279
-34,-279
-37,-282
-38,-282
-40,-284
-41,-285
-42,-286
-41,-286
-42,-289
-43,-290
-43,-290
-45,-288
-45,-286
-45,-283
-48,-286
-48,-286
-47,-283
-46,-281
-43,-284
-46,-281
-43,-280
-40,-283
-38,-285
-40,-284
-42,-281
-42,-281
-42,-280
-40,-279
-40,-276
-42,-276
-39,-276
-40,-274
-39,-276
-40,-276
-41,-277
-43,-278
-44,-280
-42,-283
-45,-280
-45,-283
-48,-284
-45,-284
-44,-286
-44,-289
-45,-292
-44,-289
-44,-288
-42,-289
-40,-289
-38,-291
-36,-294
-37,-291
-40,-290
-40,-291
-41,-292
-39,-289
-36,-291
-39,-294
-36,-296
-35,-293
-32,-290
-31,-292
-30,-290
-28,-289
-27,-290
-29,-288
-29,-288
-29,-289
-27,-290
-29,-289
-26,-289
-27,-292
-24,-292
-25,-295
-24,-295
-27,-297
-28,-294
-31,-294
-31,-292
-34,-290
-34,-289
-36,-286
-38,-283
-36,-286
-34,-287
-33,-286
-34,-284
-33,-282
-33,-285
-32,-283
-35,-281
-35,-284
-33,-282
-35,-283
-33,-285
-34,-284
-34,-285
-34,-286
-37,-288
-38,-285
-40,-284
-37,-285
-37,-283
-37,-285
-40,-282
-39,-281
-41,-281
-39,-284
-40,-282
-40,-284
-40,-287
-38,-284
-40,-281
-39,-281
-39,-282
-41,-283
-39,-282
-42,-284
-41,-286
-42,-283
-42,-282
-44,-285
-47,-286
-48,-287
-45,-284
-47,-286
-49,-283
-50,-285
-53,-284
-50,-284
-48,-287
-51,-285
-50,-285
-50,-285
-51,-287
-49,-289
-46,-291
-47,-291
-48,-288
-51,-291
-51,-288
-50,-290
-52,-291
-54,-288
-55,-291
-55,-292
-52,-295
-49,-297
-47,-294
-50,-292
-50,-291
-50,-293
-53,-293
-50,-291
-47,-291
-44,-294
-45,-294
-45,-292
-47,-290
-50,-292
-47,-293
-45,-295
-42,-298
-39,-298
-38,-299
-39,-296
-42,-295
-41,-293
-40,-294
-38,-291
-38,-292
-36,-294
-36,-291
-36,-290
-39,-288
-36,-291
-39,-294
-40,-295
-40,-292
-39,-293
-36,-293
-38,-292
-39,-290
-42,-291
-40,-291
-41,-288
-42,-287
-39,-285
-40,-288
-41,-288
-43,-285
-41,-284
-39,-284
-37,-285
-37,-287
-36,-290
-34,-291
-35,-292
-36,-289
-34,-286
-31,-285
-29,-282
-30,-282
-30,-285
-33,-286
-36,-285
-34,-288
-36,-285
-34,-282
-31,-282
-29,-279
-32,-280
-33,-278
-31,-279
-32,-280
-33,-277
-35,-280
-36,-277
-39,-280
-39,-283
-39,-286
-38,-285
-35,-287
-33,-284
-30,-283
-33,-284
-34,-283
-34,-283
-31,-281
-34,-284
-34,-281
-35,-281
-32,-278
-32,-276
-30,-276
-28,-273
-27,-274
-26,-277
-26,-277
-29,-278
-27,-281
-30,-283
-33,-284
-33,-283
-36,-280
-34,-283
-35,-283
-34,-281
-35,-281
-38,-280
-39,-277
-37,-276
-35,-276
-38,-273
-38,-271
-39,-274
-39,-271
-39,-272
-41,-269
-44,-268
-43,-267
-41,-266
-39,-264
-42,-261
-39,-258
-36,-260
-33,-258
-32,-261
-30,-264
-33,-267
-31,-270
-31,-273
-32,-273
-33,-272
-31,-270
-33,-270
-32,-268
-29,-270
-28,-267
-27,-268
-27,-267
-26,-269
-27,-269
-27,-270
-30,-267
-29,-269
-28,-266
-31,-263
-30,-261
-33,-262
-33,-260
-34,-257
-37,-259
-39,-256
-42,-256
-41,-253
-38,-251
-35,-252
-35,-254
-33,-252
-33,-249
-31,-249
-28,-248
-25,-248
-28,-245
-29,-245
-31,-244
-31,-244
-30,-243
-28,-240
-27,-239
-28,-237
-26,-235
-26,-234
-29,-236
-28,-237
-29,-239
-29,-238
-26,-239
-23,-237
-23,-238
-23,-237
-23,-235
-21,-236
-21,-237
-20,-239
-21,-240
-19,-237
-19,-236
-21,-239
-23,-242
-24,-245
-21,-244
-24,-247
-27,-249
-24,-248
-22,-245
-20,-243
-18,-240
-21,-239
-23,-238
-26,-239
-25,-240
-25,-241
-23,-241
-25,-243
-26,-242
-27,-239
-27,-238
-29,-239
-32,-238
-35,-236
-34,-235
-33,-232
-36,-235
-37,-233
-35,-231
-36,-230
-35,-230
-35,-231
-38,-233
-37,-235
-36,-238
-34,-240
-37,-242
-35,-243
-38,-244
-36,-244
-37,-241
-37,-244
-37,-246
-40,-246
-42,-249
-39,-247
-38,-249
-37,-251
-40,-252
-38,-251
-40,-254
-41,-256
-39,-259
-37,-256
-40,-256
-43,-256
-42,-255
-45,-257
-48,-254
-51,-255
-50,-257
-51,-260
-52,-258
-49,-258
-46,-261
-49,-260
-46,-260
-45,-261
-46,-261
-44,-259
-45,-256
-46,-258
-45,-256
-42,-253
-40,-251
-39,-253
-42,-253
-42,-252
-43,-254
-43,-256
-42,-253
-41,-254
-40,-254
-40,-256
-39,-255
-42,-258
-41,-258
-43,-259
-40,-257
-40,-259
-42,-258
-41,-258
-44,-257
-45,-256
-43,-253
-40,-251
-38,-252
-37,-252
-34,-254
-31,-255
-34,-257
-31,-260
-31,-259
-33,-262
-35,-259
-37,-258
-37,-256
-35,-257
-38,-259
-35,-256
-35,-254
-37,-256
-36,-257
-37,-257
-34,-254
-34,-257
-34,-260
-37,-262
-40,-264
-40,-266
-42,-263
-43,-264
-40,-264
-43,-267
-40,-265
-42,-264
-39,-261
-38,-258
-41,-259
-43,-262
-45,-262
-46,-263
-47,-261
-46,-264
-48,-265
-46,-268
-48,-271
-49,-268
-47,-268
-50,-265
-53,-264
-50,-264
-50,-267
-51,-268
-51,-266
-49,-266
-50,-265
-49,-268
-51,-266
-50,-266
-48,-263
-49,-260
-47,-260
-49,-260
-52,-260
-55,-258
-53,-255
-53,-256
-54,-255
-55,-254
-58,-257
-55,-259
-54,-260
-51,-257
-53,-260
-52,-263
-51,-263
-49,-265
-52,-262
-49,-264
-46,-265
-49,-267
-46,-270
-49,-272
-47,-274
-47,-273
-46,-270
-44,-267
-45,-270
-47,-268
-47,-270
-48,-272
-47,-272
-44,-269
-47,-271
-46,-268
-44,-270
-46,-269
-44,-272
-44,-269
-44,-270
-46,-273
-47,-273
-48,-276
-48,-278
-48,-278
-45,-281
-48,-281
-45,-282
-42,-285
-43,-282
-45,-279
-46,-277
-49,-279
-47,-279
-47,-277
-47,-275
-50,-274
-47,-274
-49,-272
-49,-271
-48,-269
-45,-271
-45,-272
-44,-271
-47,-272
-50,-272
-47,-274
-47,-273
-48,-273
-47,-271
-49,-268
-49,-271
-51,-271
-51,-272
-52,-274
-53,-276
-50,-276
-47,-274
-48,-277
-46,-278
-47,-278
-50,-278
-53,-275
-51,-277
-50,-278
-52,-281
-52,-283
-52,-283
-50,-285
-53,-287
-50,-286
-50,-288
-53,-286
-52,-288
-54,-286
-53,-287
-51,-289
-52,-292
-53,-290
-54,-288
-53,-288
-53,-289
-55,-291
-56,-288
-54,-291
-52,-291
-53,-292
-54,-290
-56,-293
-57,-295
-59,-292
-57,-291
-58,-290
-57,-291
-54,-288
-53,-291
-51,-291
-53,-294
-52,-291
-54,-289
-53,-288
-52,-289
-54,-291
-54,-294
-53,-293
-54,-293
-51,-294
-49,-296
-49,-299
-51,-299
-51,-301
-54,-299
-57,-298
-56,-296
-55,-295
-56,-295
-53,-293
-51,-292
-51,-293
-54,-293
-53,-292
-51,-295
-51,-294
-50,-292
-49,-293
-52,-295
-55,-297
-54,-296
-56,-298
-55,-297
-53,-298
-52,-300
-53,-298
-50,-296
-51,-299
-52,-298
-54,-300
-56,-298
-55,-295
-56,-296
-58,-297
-61,-294
-60,-291
-58,-294
-55,-295
-55,-296
-54,-298
-54,-297
-55,-297
-52,-298
-52,-299
-53,-299
-56,-300
-56,-302
-53,-304
-52,-304
-53,-302
-52,-303
-49,-301
-51,-302
-52,-301
-52,-302
-53,-304
-52,-307
-55,-304
-56,-307
-56,-310
-58,-313
-56,-310
-59,-308
-61,-305
-62,-303
-61,-300
-58,-297
-57,-298
-57,-296
-56,-297
-59,-296
-58,-297
-58,-300
-56,-300
-57,-300
-54,-302
-55,-304
-54,-305
-56,-302
-57,-299
-55,-299
-54,-302
-51,-300
-51,-303
-49,-306
-48,-307
-46,-308
-47,-307
-44,-310
-44,-307
-43,-304
-46,-307
-46,-308
-49,-309
-47,-308
-49,-307
-49,-309
-47,-309
-50,-312
-51,-309
-52,-312
-54,-311
-54,-310
-54,-312
-54,-312
-52,-314
-49,-311
-46,-311
-48,-309
-48,-312
-46,-314
-47,-313
-50,-315
-48,-313
-45,-315
-42,-318
-43,-316
-44,-315
-47,-314
-48,-315
-50,-313
-53,-314
-54,-315
-53,-318
-51,-320
-52,-319
-54,-318
-54,-320
-55,-319
-52,-321
-49,-319
-46,-322
-46,-325
-43,-322
-42,-325
-43,-327
-40,-324
-43,-326
-43,-326
-42,-323
-45,-322
-48,-321
-51,-321
-54,-321
-55,-324
-52,-324
-50,-326
-51,-327
-52,-329
-51,-326
-50,-326
-47,-325
-45,-327
-44,-326
-41,-328
-38,-327
-40,-325
-38,-327
-37,-324
-35,-323
-36,-324
-37,-321
-35,-324
-37,-326
-39,-327
-37,-330
-36,-332
-36,-333
-38,-334
-41,-331
-42,-329
-40,-330
-43,-328
-41,-328
-38,-325
-39,-324
-40,-321
-42,-324
-44,-323
-47,-322
-44,-320
-42,-319
-39,-320
-40,-318
-43,-317
-43,-315
-46,-315
-45,-313
-48,-315
-45,-316
-44,-319
-43,-321
-42,-323
-42,-325
-45,-324
-42,-322
-45,-320
-45,-317
-46,-316
-48,-317
-45,-316
-42,-315
-45,-314
-47,-315
-45,-312
-43,-313
-43,-313
-41,-310
-38,-310
-36,-310
-37,-310
-38,-308
-39,-310
-37,-312
-37,-312
-36,-312
-35,-315
-37,-317
-36,-320
-35,-317
-36,-320
-37,-319
-35,-317
-37,-314
-40,-315
-37,-317
-39,-317
-41,-314
-41,-314
-39,-315
-39,-312
-41,-314
-43,-311
-45,-311
-44,-311
-41,-310
-38,-313
-38,-310
-40,-310
-37,-308
-38,-310
-35,-308
-33,-309
-31,-306
-28,-305
-29,-307
-27,-306
-26,-309
-23,-309
-22,-311
-19,-312
-22,-309
-25,-312
-28,-315
-26,-314
-25,-317
-24,-319
-23,-318
-24,-321
-23,-318
-24,-319
-27,-316
-30,-314
-28,-316
-25,-317
-28,-318
-25,-317
-22,-317
-20,-316
-22,-318
-24,-320
-24,-319
-22,-319
-22,-316
-22,-315
-24,-317
-22,-317
-24,-319
-24,-319
-22,-319
-22,-318
-21,-317
-18,-316
-16,-316
-14,-316
-11,-318
-11,-319
-10,-318
-11,-316
-8,-318
-10,-320
-10,-323
-7,-322
-4,-319
-2,-321
-4,-324
-6,-322
-8,-320
-5,-317
-6,-316
-9,-316
-9,-319
-12,-319
-9,-317
-12,-315
-9,-316
-12,-317
-14,-314
-13,-315
-15,-316
-17,-313
-15,-315
-13,-316
-16,-318
-13,-320
-15,-319
-18,-321
-16,-323
-15,-324
-15,-326
-18,-326
-17,-323
-17,-324
-18,-321
-21,-324
-24,-325
-25,-327
-26,-327
-29,-324
-30,-325
-32,-325
-32,-322
-32,-325
-32,-323
-34,-326
-31,-324
-32,-323
-31,-321
-32,-320
-35,-321
-33,-320
-33,-320
-34,-319
-33,-319
-36,-316
-38,-313
-35,-311
-37,-309
-36,-307
-39,-306
-39,-304
-40,-303
-43,-302
-40,-304
-42,-306
-39,-305
-36,-302
-35,-302
-34,-303
-35,-306
-34,-308
-33,-307
-36,-310
-36,-312
-37,-313
-40,-313
-40,-312
-37,-313
-40,-310
-38,-312
-41,-311
-40,-314
-40,-311
-41,-308
-42,-306
-42,-306
-41,-303
-43,-305
-46,-305
-45,-304
-43,-302
-40,-303
-40,-303
-43,-306
-44,-308
-41,-311
-43,-311
-41,-309
-42,-310
-42,-311
-45,-314
-45,-313
-42,-312
-45,-310
-44,-311
-46,-314
-45,-317
-44,-320
-44,-320
-41,-318
-43,-317
-46,-316
-49,-316
-47,-318
-48,-318
-46,-316
-44,-319
-47,-319
-47,-322
-46,-320
-43,-317
-42,-315
-41,-316
-43,-319
-46,-318
-43,-318
-43,-315
-45,-313
-46,-316
-46,-313
-44,-315
-44,-316
-44,-318
-43,-316
-43,-318
-41,-320
-39,-321
-42,-322
-42,-323
-41,-320
-41,-321
-42,-323
-43,-322
-42,-321
-45,-322
-48,-319
-46,-319
-44,-322
-46,-320
-45,-317
-45,-317
-42,-315
-41,-315
-43,-315
-41,-314
-40,-317
-39,-317
-37,-318
-39,-316
-37,-313
-40,-312
-40,-310
-38,-311
-40,-312
-41,-312
-44,-313
-45,-316
-42,-317
-40,-317
-43,-315
-43,-316
-41,-315
-41,-312
-40,-311
-41,-310
-44,-308
-44,-310
-46,-307
-46,-306
-48,-305
-46,-307
-49,-305
-49,-302
-46,-301
-46,-301
-43,-299
-46,-296
-46,-295
-48,-294
-48,-296
-49,-293
-47,-293
-46,-291
-48,-292
-49,-295
-46,-295
-44,-296
-47,-296
-49,-293
-48,-294
-46,-291
-43,-292
-42,-292
-45,-294
-48,-294
-45,-291
-47,-291
-44,-292
-44,-295
-47,-296
-45,-295
-45,-295
-46,-293
-45,-293
-45,-295
-44,-292
-41,-290
-41,-291
-38,-293
-39,-293
-42,-294
-43,-295
-46,-294
-43,-293
-46,-296
-45,-295
-43,-292
-44,-290
-44,-291
-45,-290
-44,-293
-47,-293
-46,-291
-48,-290
-50,-291
-50,-291
-49,-288
-46,-289
-46,-289
-43,-286
-43,-283
-45,-281
-45,-282
-47,-281
-50,-280
-47,-283
-46,-283
-46,-286
-48,-288
-49,-287
-46,-287
-46,-285
-44,-288
-47,-286
-50,-284
-51,-282
-53,-285
-53,-287
-50,-284
-52,-281
-55,-284
-57,-281
-60,-282
-62,-279
-63,-278
-62,-281
-63,-278
-64,-281
-63,-283
-62,-284
-62,-287
-59,-286
-56,-283
-56,-282
-57,-279
-58,-282
-61,-280
-64,-277
-61,-275
-61,-276
-59,-275
-57,-273
-57,-272
-60,-269
-57,-266
-54,-267
-57,-264
-55,-265
-57,-263
-59,-260
-62,-263
-64,-263
-63,-265
-63,-265
-63,-265
-66,-264
-67,-265
-65,-264
-68,-262
-70,-264
-68,-262
-69,-265
-71,-267
-68,-266
-67,-263
-69,-260
-68,-259
-66,-257
-65,-256
-63,-255
-61,-255
-59,-258
-57,-255
-55,-255
-57,-254
-55,-255
-57,-255
-55,-254
-54,-251
-51,-250
-49,-253
-50,-251
-48,-253
-46,-253
-45,-253
-45,-253
-44,-252
-45,-255
-45,-254
-48,-253
-51,-251
-52,-252
-51,-255
-53,-255
-54,-257
-51,-257
-51,-256
-51,-259
-49,-256
-52,-259
-52,-262
-53,-263
-53,-263
-54,-264
-56,-261
-54,-258
-57,-256
-57,-258
-58,-256
-57,-255
-60,-256
-62,-257
-63,-255
-60,-254
-57,-257
-55,-256
-53,-256
-55,-254
-57,-253
-55,-256
-55,-255
-55,-256
-56,-258
-55,-259
-56,-256
-55,-258
-57,-255
-60,-254
-61,-254
-62,-253
-61,-256
-63,-255
-65,-257
-62,-258
-61,-258
-63,-255
-61,-254
-61,-253
-58,-254
-56,-254
-59,-252
-60,-249
-57,-248
-60,-247
-61,-245
-61,-242
-63,-244
-61,-246
-60,-249
-58,-250
-58,-250
-61,-249
-60,-246
-62,-245
-62,-248
-61,-245
-61,-242
-61,-241
-63,-242
-60,-245
-61,-246
-60,-249
-62,-248
-62,-251
-64,-253
-61,-250
-62,-250
-60,-249
-59,-247
-60,-247
-63,-246
-62,-246
-63,-248
-63,-248
-62,-251
-61,-251
-63,-250
-63,-248
-66,-246
-64,-247
-61,-244
-62,-244
-64,-242
-65,-242
-68,-239
-71,-237
-70,-234
-67,-234
-70,-233
-71,-233
-71,-230
-71,-229
-70,-228
-68,-229
-69,-227
-70,-230
-73,-229
-70,-226
-71,-224
-73,-226
-71,-226
-74,-223
-76,-225
-75,-222
-75,-222
-74,-223
-74,-220
-73,-219
-74,-222
-76,-221
-76,-221
-79,-218
-81,-221
-84,-220
-86,-223
-88,-223
-87,-224
-87,-225
-87,-222
-84,-221
-86,-223
-87,-223
-88,-222
-91,-221
-94,-222
-93,-219
-95,-222
-98,-222
-101,-225
-99,-223
-101,-221
-100,-221
-103,-218
-102,-220
-102,-218
-101,-219
-102,-221
-103,-220
-102,-218
-103,-219
-103,-218
-105,-220
-106,-220
-107,-219
-106,-222
-106,-222
-103,-222
-100,-224
-97,-226
-94,-227
-96,-228
-95,-231
-94,-231
-92,-228
-92,-231
-89,-234
-91,-231
-91,-228
-88,-225
-90,-227
-90,-230
-89,-233
-88,-232
-91,-229
-92,-226
-89,-227
-87,-228
-87,-228
-85,-229
-88,-227
-89,-227
-89,-224
-91,-223
-88,-224
-89,-223
-88,-224
-91,-225
-92,-224
-89,-227
-90,-230
-87,-233
-86,-231
-86,-234
-88,-235
-87,-232
-89,-234
-89,-233
-90,-230
-92,-232
-95,-229
-98,-227
-95,-229
-94,-229
-94,-232
-91,-230
-90,-227
-89,-228
-86,-231
-84,-234
-83,-236
-81,-236
-84,-239
-87,-236
-86,-233
-89,-232
-89,-231
-87,-234
-85,-236
-84,-238
-87,-239
-89,-237
-86,-235
-83,-233
-81,-233
-80,-235
-79,-236
-79,-235
-80,-232
-81,-230
-79,-229
-76,-228
-76,-231
-76,-231
-76,-232
-74,-232
-75,-235
-72,-236
-72,-237
-69,-239
-72,-239
-71,-239
-70,-241
-67,-240
-69,-243
-71,-243
-69,-245
-67,-242
-66,-243
-69,-241
-70,-238
-71,-240
-69,-238
-72,-237
-70,-240
-71,-238
-68,-237
-66,-235
-66,-236
-63,-237
-61,-238
-60,-239
-58,-241
-57,-242
-60,-239
-61,-240
-58,-237
-55,-239
-57,-240
-59,-239
-60,-238
-62,-238
-59,-237
-57,-240
-60,-243
-63,-246
-64,-248
-66,-247
-64,-244
-67,-247
-70,-247
-70,-249
-70,-249
-67,-248
-70,-249
-71,-249
-70,-250
-69,-252
-67,-252
-70,-252
-73,-250
-70,-252
-73,-254
-74,-257
-74,-256
-77,-256
-80,-256
-77,-253
-79,-255
-76,-257
-73,-256
-74,-258
-72,-259
-75,-260
-72,-258
-69,-259
-71,-260
-68,-259
-67,-259
-65,-260
-68,-258
-71,-260
-73,-261
-74,-259
-77,-258
-76,-255
-79,-252
-78,-249
-76,-251
-74,-249
-74,-250
-74,-250
-73,-252
-74,-254
-77,-251
-74,-251
-77,-248
-77,-250
-74,-251
-73,-248
-70,-245
-73,-242
-76,-244
-77,-245
-79,-245
-76,-248
-76,-248
-76,-249
-78,-248
-81,-245
-82,-245
-83,-244
-83,-243
-84,-244
-82,-245
-84,-242
-87,-245
-85,-243
-87,-245
-86,-245
-83,-246
-83,-246
-84,-244
-83,-242
-84,-239
-82,-238
-85,-235
-88,-237
-91,-240
-92,-240
-91,-242
-94,-245
-93,-245
-94,-247
-92,-248
-91,-248
-89,-250
-90,-248
-91,-251
-91,-253
-92,-254
-93,-251
-95,-251
-98,-251
-98,-251
-95,-252
-95,-255
-95,-255
-92,-258
-94,-260
-92,-258
-93,-256
-96,-259
-95,-262
-92,-260
-90,-260
-87,-259
-88,-258
-90,-259
-87,-256
-88,-254
-89,-252
-91,-253
-91,-252
-91,-254
-94,-254
-97,-254
-97,-256
-95,-258
-94,-257
-95,-258
-94,-260
-95,-261
-95,-258
-98,-261
-96,-261
-99,-260
-98,-260
-101,-259
-101,-262
-99,-262
-98,-265
-96,-264
-97,-266
-100,-263
-98,-263
-100,-266
-103,-264
-104,-264
-102,-264
-101,-264
-102,-265
-104,-268
-102,-271
-99,-271
-96,-273
-96,-273
-99,-274
-98,-273
-98,-274
-96,-276
-93,-276
-90,-279
-87,-276
-85,-274
-82,-274
-83,-276
-81,-279
-80,-280
-80,-279
-79,-278
-81,-275
-78,-275
-80,-276
-83,-273
-86,-271
-88,-269
-86,-266
-85,-268
-87,-267
-90,-268
-92,-268
-90,-271
-92,-271
-91,-271
-91,-272
-89,-271
-92,-272
-91,-275
-93,-272
-95,-273
-95,-275
-98,-275
-101,-274
-102,-272
-105,-275
-105,-273
-102,-273
-103,-274
-104,-272
-106,-274
-108,-275
-111,-275
-112,-273
-114,-270
-114,-273
-116,-271
-114,-268
-112,-265
-114,-263
-115,-262
-112,-260
-109,-260
-110,-257
-109,-260
-106,-260
-104,-262
-104,-263
-105,-261
-108,-260
-106,-263
-106,-262
-106,-261
-107,-260
-107,-258
-108,-261
-105,-264
-107,-261
-105,-260
-104,-257
-106,-254
-104,-255
-105,-253
-103,-251
-100,-251
-101,-248
-103,-246
-106,-245
-109,-247
-107,-246
-110,-249
-111,-247
-111,-245
-112,-245
-112,-242
-114,-244
-113,-242
-113,-242
-116,-242
-117,-244
-119,-243
-122,-242
-124,-241
-123,-242
-120,-239
-121,-236
-119,-235
-120,-237
-119,-238
-120,-235
-118,-234
-118,-235
-120,-237
-118,-236
-121,-239
-120,-237
-120,-239
-123,-239
-126,-239
-125,-241
-125,-241
-122,-238
-125,-240
-128,-243
-128,-245
-129,-244
-132,-243
-134,-244
-134,-244
-137,-242
-136,-242
-134,-239
-136,-241
-134,-239
-132,-237
-135,-237
-137,-235
-139,-233
-140,-232
-138,-235
-140,-237
-141,-237
-141,-236
-142,-233
-141,-230
-138,-231
-141,-229
-141,-227
-138,-227
-135,-230
-135,-233
-134,-233
-135,-233
-138,-232
-139,-229
-141,-229
-142,-226
-142,-227
-145,-224
-146,-223
-149,-221
-152,-219
-154,-216
-156,-214
-156,-212
-155,-214
-152,-215
-155,-214
-154,-213
-151,-211
-148,-214
-148,-213
-145,-214
-142,-214
-145,-215
-148,-213
-146,-211
-145,-213
-146,-210
-148,-209
-149,-206
-148,-203
-150,-202
-151,-201
-149,-199
-151,-198
-154,-201
-155,-204
-157,-204
-155,-203
-152,-205
-154,-205
-156,-203
-154,-202
-151,-205
-152,-207
-152,-207
-153,-209
-150,-208
-149,-209
-147,-211
-148,-213
-150,-211
-148,-214
-151,-213
-148,-215
-149,-214
-147,-217
-148,-215
-146,-214
-148,-211
-151,-214
-154,-217
-153,-217
-151,-215
-152,-213
-155,-210
-152,-209
-155,-210
-155,-207
-155,-207
-158,-205
-156,-208
-155,-206
-158,-203
-160,-204
-161,-206
-160,-208
-162,-206
-161,-204
-163,-204
-164,-202
-165,-203
-165,-201
-163,-200
-165,-197
-165,-198
-167,-198
-167,-197
-168,-196
-167,-193
-164,-195
-164,-196
-166,-193
-168,-192
-165,-192
-163,-189
-164,-191
-166,-190
-169,-187
-168,-188
-168,-190
-166,-191
-163,-192
-162,-193
-163,-190
-161,-192
-161,-189
-161,-186
-158,-183
-161,-182
-158,-180
-159,-183
-157,-182
-155,-184
-157,-187
-160,-190
-163,-193
-161,-191
-159,-188
-158,-188
-157,-190
-156,-188
-159,-186
-161,-186
-161,-189
-160,-186
-162,-186
-159,-186
-160,-184
-159,-186
-156,-187
-156,-184
-157,-184
-158,-181
-158,-181
-157,-184
-160,-181
-160,-184
-160,-182
-160,-185
-161,-182
-163,-181
-160,-178
-163,-178
-162,-181
-161,-183
-158,-182
-160,-180
-160,-181
-163,-181
-162,-181
-159,-183
-157,-184
-154,-185
-153,-183
-153,-181
-151,-180
-153,-180
-156,-183
-158,-181
-160,-183
-157,-185
-160,-187
-163,-184
-162,-182
-161,-180
-164,-182
-162,-180
-163,-177
-162,-180
-163,-183
-160,-182
-158,-182
-161,-185
-159,-184
-158,-185
-160,-185
-157,-188
-160,-185
-160,-186
-157,-185
-158,-188
-156,-191
-159,-189
-156,-190
-154,-193
-157,-195
-156,-192
-153,-190
-152,-188
-149,-191
-148,-188
-146,-186
-146,-186
-143,-187
-140,-187
-139,-186
-142,-186
-139,-183
-138,-185
-140,-183
-139,-180
-137,-178
-137,-180
-139,-178
-137,-178
-135,-177
-133,-180
-136,-182
-134,-182
-137,-179
-135,-179
-136,-179
-138,-182
-139,-183
-137,-181
-139,-179
-141,-176
-138,-175
-138,-172
-139,-173
-139,-171
-141,-170
-144,-167
-146,-166
-146,-166
-147,-168
-145,-168
-142,-171
-139,-169
-136,-168
-134,-165
-131,-167
-132,-164
-130,-162
-127,-161
-125,-160
-125,-160
-126,-162
-125,-164
-128,-162
-125,-161
-128,-163
-126,-165
-129,-162
-130,-160
-131,-160
-133,-157
-130,-154
-132,-155
-135,-158
-134,-159
-136,-161
-138,-160
-139,-163
-138,-166
-136,-165
-139,-168
-141,-167
-140,-170
-137,-167
-136,-165
-139,-163
-138,-164
-137,-161
-136,-164
-133,-164
-135,-163
-138,-160
-135,-163
-134,-161
-133,-159
-135,-158
-138,-158
-139,-161
-136,-164
-138,-164
-141,-164
-138,-164
-137,-162
-140,-161
-143,-158
-141,-158
-144,-157
-145,-158
-148,-161
-149,-164
-148,-166
-149,-167
-146,-164
-145,-164
-144,-164
-145,-161
-147,-159
-147,-160
-150,-160
-148,-162
-148,-161
-151,-164
-154,-165
-153,-168
-156,-167
-154,-168
-157,-167
-158,-167
-158,-164
-159,-164
-157,-161
-160,-161
-157,-160
-155,-159
-154,-158
-155,-161
-156,-160
-158,-160
-161,-162
-160,-161
-157,-163
-158,-160
-159,-160
-158,-159
-156,-162
-154,-165
-157,-162
-159,-164
-160,-162
-162,-165
-160,-168
-158,-171
-158,-171
-155,-174
-158,-175
-158,-174
-155,-171
-155,-174
-155,-172
-158,-170
-161,-173
-160,-176
-162,-177
-164,-180
-163,-183
-162,-182
-160,-180
-157,-181
-157,-179
-156,-180
-157,-178
-159,-181
-158,-179
-159,-177
-160,-178
-161,-175
-159,-177
-157,-178
-158,-179
-155,-180
-153,-180
-153,-177
-154,-177
-154,-177
-154,-178
-155,-180
-157,-181
-154,-184
-155,-186
-156,-186
-154,-184
-155,-182
-157,-179
-155,-178
-158,-175
-161,-177
-161,-177
-158,-179
-158,-181
-160,-179
-159,-180
-156,-183
-159,-182
-159,-182
-162,-184
-164,-183
-166,-185
-165,-183
-164,-186
-162,-184
-159,-183
-161,-183
-161,-185
-164,-188
-165,-186
-164,-185
-165,-183
-165,-185
-164,-187
-165,-187
-162,-190
-162,-191
-165,-189
-162,-191
-162,-190
-160,-188
-159,-188
-161,-188
-164,-190
-161,-192
-158,-194
-159,-191
-158,-192
-160,-194
-160,-192
-162,-190
-161,-187
-160,-184
-158,-187
-156,-186
-158,-188
-158,-186
-160,-183
-159,-181
-158,-179
-159,-176
-157,-177
-158,-174
-161,-171
-160,-170
-161,-167
-163,-167
-161,-164
-159,-162
-159,-164
-161,-162
-161,-161
-162,-161
-159,-158
-162,-159
-164,-162
-166,-159
-168,-161
-168,-164
-169,-165
-171,-164
-168,-163
-170,-164
-168,-162
-171,-163
-169,-160
-167,-162
-170,-162
-167,-159
-168,-156
-166,-153
-167,-156
-165,-159
-164,-158
-167,-155
-165,-153
-164,-152
-164,-154
-163,-155
-165,-158
-163,-155
-162,-157
-163,-156
-163,-155
-160,-158
-158,-157
-160,-155
-157,-154
-156,-154
-153,-155
-150,-154
-150,-154
-147,-156
-144,-155
-142,-153
-142,-155
-144,-152
-143,-151
-143,-154
-143,-154
-146,-154
-146,-157
-149,-158
-148,-155
-145,-153
-143,-153
-141,-155
-140,-153
-139,-153
-140,-150
-137,-151
-136,-148
-136,-150
-134,-147
-136,-145
-134,-147
-137,-150
-135,-149
-136,-152
-133,-150
-132,-149
-129,-152
-128,-151
-126,-151
-128,-148
-130,-150
-131,-149
-134,-149
-132,-146
-131,-143
-129,-144
-130,-147
-130,-148
-130,-146
-131,-146
-130,-147
-127,-148
-128,-145
-127,-145
-129,-142
-130,-144
-129,-143
-130,-141
-131,-139
-128,-142
-125,-139
-124,-138
-123,-141
-126,-139
-127,-138
-127,-139
-128,-141
-129,-142
-128,-144
-129,-141
-127,-141
-128,-144
-126,-147
-123,-147
-123,-146
-122,-146
-123,-143
-121,-141
-119,-141
-116,-143
-114,-141
-116,-141
-119,-144
-119,-145
-116,-147
-113,-144
-114,-146
-116,-145
-117,-146
-118,-148
-117,-148
-116,-150
-115,-152
-117,-154
-118,-153
-121,-155
-121,-157
-120,-156
-119,-154
-116,-155
-117,-152
-118,-150
-120,-153
-122,-152
-121,-151
-122,-153
-125,-155
-125,-152
-126,-155
-123,-157
-124,-157
-122,-159
-124,-161
-121,-161
-121,-164
-120,-164
-117,-163
-118,-163
-117,-164
-118,-163
-117,-165
-117,-162
-119,-161
-119,-164
-117,-167
-120,-167
-122,-166
-122,-168
-120,-171
-123,-169
-121,-171
-122,-169
-123,-170
-122,-168
-124,-171
-125,-171
-122,-172
-120,-171
-122,-173
-119,-176
-120,-177
-119,-178
-119,-181
-118,-180
-115,-179
-118,-179
-119,-176
-116,-174
-119,-173
-122,-173
-120,-171
-122,-172
-120,-175
-121,-174
-124,-174
-121,-175
-121,-174
-124,-176
-121,-173
-121,-174
-119,-173
-117,-174
-119,-177
-116,-180
-119,-177
-118,-180
-116,-178
-114,-180
-116,-183
-116,-185
-118,-188
-121,-186
-118,-187
-119,-186
-120,-185
-117,-188
-117,-187
-115,-190
-115,-193
-113,-190
-111,-190
-112,-190
-112,-187
-114,-187
-112,-189
-111,-189
-110,-192
-112,-190
-111,-188
-114,-189
-112,-189
-114,-187
-114,-187
-112,-188
-114,-186
-115,-189
-115,-191
-116,-188
-114,-185
-114,-182
-113,-182
-115,-180
-113,-178
-116,-179
-116,-182
-116,-181
-113,-179
-111,-181
-109,-182
-110,-180
-107,-178
-106,-179
-107,-180
-104,-180
-105,-178
-104,-177
-101,-179
-98,-182
-101,-185
-102,-184
-103,-185
-103,-186
-102,-187
-104,-185
-107,-186
-104,-187
-101,-185
-98,-183
-101,-182
-98,-182
-95,-180
-94,-182
-92,-183
-90,-183
-90,-186
-90,-185
-87,-185
-86,-183
-83,-184
-83,-185
-86,-186
-89,-186
-91,-187
-89,-185
-88,-185
-89,-186
-87,-189
-88,-192
-90,-194
-92,-195
-89,-196
-89,-196
-91,-196
-93,-193
-94,-194
-94,-196
-96,-197
-94,-195
-96,-195
-96,-196
-93,-196
-92,-197
-92,-196
-93,-196
-92,-198
-90,-197
-93,-195
-93,-196
-90,-193
-91,-191
-89,-191
-88,-190
-86,-188
-86,-190
-88,-187
-85,-187
-85,-186
-88,-184
-88,-183
-87,-182
-86,-180
-86,-183
-85,-184
-87,-184
-85,-184
-85,-181
-82,-178
-84,-175
-82,-175
-79,-174
-76,-171
-73,-169
-71,-170
-73,-172
-70,-172
-67,-170
-68,-171
-68,-172
-66,-175
-64,-173
-63,-173
-61,-170
-63,-169
-61,-166
-62,-167
-62,-168
-62,-170
-60,-167
-57,-170
-60,-171
-63,-172
-60,-171
-57,-170
-54,-172
-56,-170
-59,-172
-56,-174
-58,-173
-57,-170
-59,-167
-62,-164
-60,-162
-59,-161
-62,-164
-64,-164
-65,-164
-65,-167
-68,-164
-65,-164
-67,-162
-64,-161
-61,-161
-58,-159
-55,-158
-52,-156
-51,-159
-54,-161
-57,-164
-57,-164
-59,-163
-60,-161
-59,-161
-61,-161
-60,-163
-63,-160
-60,-160
-60,-162
-60,-161
-58,-160
-59,-158
-59,-155
-56,-157
-59,-160
-60,-159
-62,-156
-59,-154
-56,-157
-56,-156
-57,-155
-60,-153
-58,-151
-57,-152
-56,-152
-59,-152
-62,-155
-61,-155
-59,-158
-60,-155
-59,-154
-62,-155
-62,-156
-64,-155
-62,-153
-59,-155
-57,-157
-57,-157
-57,-155
-54,-158
-57,-155
-56,-156
-57,-156
-55,-155
-52,-153
-50,-154
-50,-157
-49,-160
-47,-162
-48,-162
-48,-161
-49,-162
-48,-159
-46,-162
-48,-163
-46,-162
-45,-163
-43,-163
-40,-165
-38,-166
-41,-164
-39,-166
-37,-165
-38,-167
-40,-168
-41,-169
-42,-167
-42,-170
-45,-168
-46,-169
-43,-166
-42,-168
-39,-166
-38,-164
-36,-161
-36,-158
-39,-155
-36,-158
-39,-159
-36,-160
-34,-159
-33,-162
-35,-161
-35,-160
-32,-159
-29,-159
-27,-158
-27,-156
-26,-158
-25,-156
-22,-154
-24,-155
-26,-155
-29,-154
-29,-155
-29,-158
-28,-161
-31,-162
-29,-164
-29,-165
-32,-166
-35,-166
-32,-169
-31,-172
-34,-171
-36,-169
-38,-170
-39,-171
-38,-173
-35,-170
-33,-167
-34,-170
-36,-172
-33,-172
-34,-171
-33,-173
-30,-176
-29,-176
-32,-177
-32,-177
-35,-175
-34,-177
-31,-180
-33,-182
-31,-183
-33,-180
-30,-181
-33,-184
-31,-182
-28,-181
-27,-181
-29,-181
-28,-182
-26,-184
-24,-181
-26,-183
-25,-181
-26,-180
-25,-182
-23,-182
-22,-179
-19,-181
-22,-178
-23,-177
-23,-177
-20,-174
-23,-176
-23,-176
-25,-177
-25,-178
-22,-176
-21,-177
-18,-179
-18,-178
-16,-178
-19,-175
-22,-178
-22,-179
-25,-180
-23,-183
-20,-180
-23,-177
-23,-180
-24,-177
-25,-179
-27,-176
-30,-176
-27,-173
-27,-174
-30,-173
-29,-175
-27,-177
-30,-174
-33,-173
-34,-172
-32,-170
-32,-169
-35,-166
-36,-163
-38,-166
-36,-167
-37,-165
-38,-162
-35,-165
-36,-163
-33,-164
-36,-162
-39,-165
-41,-165
-40,-162
-39,-163
-38,-165
-35,-166
-33,-167
-31,-168
-33,-168
-31,-165
-30,-168
-29,-165
-30,-167
-28,-170
-31,-168
-34,-166
-35,-164
-36,-167
-37,-166
-40,-166
-39,-165
-40,-162
-42,-160
-39,-160
-40,-163
-37,-161
-37,-164
-38,-164
-41,-167
-39,-170
-40,-172
-38,-169
-38,-168
-40,-167
-38,-166
-35,-167
-34,-169
-35,-167
-35,-165
-35,-163
-33,-162
-35,-159
-38,-158
-39,-155
-39,-157
-41,-154
-40,-157
-40,-156
-42,-154
-45,-157
-48,-156
-48,-156
-45,-157
-45,-156
-43,-156
-44,-158
-46,-158
-46,-160
-47,-159
-45,-161
-46,-161
-46,-158
-49,-159
-51,-162
-53,-165
-56,-166
-53,-164
-53,-167
-55,-166
-55,-164
-53,-163
-53,-163
-54,-163
-57,-161
-54,-159
-54,-157
-51,-155
-48,-157
-46,-154
-45,-152
-48,-149
-45,-147
-47,-147
-48,-146
-50,-143
-48,-143
-46,-146
-48,-148
-51,-150
-53,-149
-53,-147
-55,-147
-56,-150
-57,-150
-56,-148
-57,-146
-59,-147
-60,-147
-63,-146
-60,-146
-61,-148
-61,-151
-64,-148
-63,-147
-63,-148
-65,-151
-62,-154
-64,-151
-61,-153
-58,-155
-60,-157
-60,-156
-60,-156
-57,-159
-57,-159
-54,-159
-51,-161
-54,-161
-52,-164
-55,-167
-57,-165
-55,-166
-56,-165
-58,-165
-57,-164
-60,-163
-60,-162
-63,-159
-63,-157
-61,-156
-60,-154
-58,-157
-57,-154
-60,-154
-60,-152
-58,-153
-57,-152
-54,-149
-56,-150
-58,-153
-56,-156
-56,-158
-53,-157
-51,-159
-54,-156
-53,-157
-56,-157
-58,-159
-57,-162
-55,-161
-58,-162
-59,-160
-59,-157
-56,-154
-53,-157
-53,-155
-54,-152
-56,-152
-55,-151
-55,-151
-56,-148
-54,-148
-51,-145
-52,-144
-54,-143
-56,-141
-59,-141
-59,-142
-62,-140
-59,-139
-60,-142
-59,-139
-58,-137
-60,-139
-59,-140
-58,-137
-55,-135
-54,-134
-55,-133
-54,-134
-52,-136
-51,-134
-50,-132
-53,-132
-54,-135
-56,-134
-59,-132
-59,-130
-60,-127
-58,-124
-59,-122
-59,-124
-59,-127
-59,-125
-56,-126
-58,-125
-57,-125
-58,-122
-55,-123
-54,-122
-53,-119
-51,-121
-51,-118
-53,-121
-51,-124
-54,-123
-51,-124
-48,-124
-50,-126
-49,-125
-46,-127
-48,-130
-45,-128
-42,-126
-42,-126
-45,-128
-45,-127
-48,-127
-45,-124
-43,-121
-42,-122
-39,-120
-42,-119
-45,-121
-48,-121
-45,-120
-47,-120
-45,-120
-47,-120
-46,-122
-43,-121
-46,-124
-44,-127
-42,-129
-43,-126
-42,-128
-40,-126
-37,-126
-40,-125
-43,-124
-41,-125
-43,-126
-42,-129
-45,-130
-43,-131
-46,-134
-44,-132
-43,-129
-41,-132
-42,-129
-40,-130
-38,-129
-35,-130
-34,-130
-31,-127
-29,-124
-28,-124
-29,-124
-28,-122
-31,-124
-28,-124
-27,-121
-28,-120
-28,-117
-26,-114
-25,-112
-23,-114
-25,-116
-28,-116
-25,-117
-28,-114
-30,-117
-32,-118
-29,-119
-28,-121
-30,-123
-30,-121
-28,-119
-26,-121
-27,-120
-29,-119
-31,-122
-31,-124
-34,-124
-37,-122
-35,-124
-33,-123
-32,-125
-29,-124
-29,-126
-26,-123
-23,-123
-24,-126
-21,-123
-22,-123
-19,-122
-19,-120
-20,-118
-23,-119
-24,-119
-25,-121
-25,-124
-25,-126
-26,-128
-28,-128
-28,-131
-27,-132
-26,-129
-29,-131
-26,-134
-27,-135
-29,-132
-32,-134
-33,-137
-33,-134
-32,-134
-30,-132
-32,-130
-30,-132
-29,-134
-26,-131
-23,-134
-21,-132
-21,-134
-22,-135
-22,-137
-20,-135
-20,-134
-19,-132
-21,-133
-21,-136
-20,-137
-22,-136
-19,-135
-20,-137
-18,-139
-15,-137
-16,-137
-13,-138
-16,-136
-13,-136
-12,-134
-14,-133
-11,-135
-11,-137
-12,-135
-9,-137
-11,-140
-10,-138
-13,-137
-14,-134
-12,-132
-14,-130
-12,-132
-14,-131
-16,-129
-15,-131
-14,-132
-13,-131
-10,-131
-10,-134
-12,-134
-13,-131
-11,-130
-10,-128
-7,-130
-6,-127
-4,-126
-2,-129
-4,-128
-3,-125
-1,-127
-1,-127
-1,-128
0,-128
3,-130
5,-127
3,-129
1,-132
4,-131
2,-130
-1,-130
0,-127
-2,-128
-2,-129
0,-132
-1,-134
2,-137
1,-136
-1,-134
-2,-132
-3,-130
-6,-132
-6,-135
-3,-132
-3,-132
-6,-131
-9,-129
-10,-126
-9,-127
-7,-130
-5,-129
-6,-128
-4,-129
-7,-130
-7,-131
-5,-129
-2,-127
-3,-130
-2,-131
-3,-131
-5,-130
-6,-131
-9,-130
-9,-132
-9,-129
-6,-131
-4,-132
-7,-131
-9,-128
-12,-130
-13,-131
-16,-130
-19,-131
-16,-129
-18,-128
-19,-130
-18,-131
-15,-133
-14,-134
-11,-137
-11,-139
-8,-141
-6,-141
-9,-138
-9,-136
-11,-138
-10,-137
-7,-134
-10,-135
-12,-138
-10,-137
-12,-134
-15,-133
-13,-132
-15,-131
-13,-128
-10,-131
-7,-131
-10,-129
-13,-131
-11,-128
-12,-127
-12,-129
-14,-126
-16,-128
-17,-127
-18,-127
-19,-124
-18,-126
-17,-127
-15,-129
-14,-127
-11,-126
-8,-129
-11,-131
-9,-131
-11,-132
-11,-133
-14,-136
-16,-134
-18,-137
-16,-135
-17,-137
-18,-136
-21,-136
-22,-137
-24,-140
-25,-140
-24,-138
-25,-137
-27,-138
-25,-139
-28,-137
-28,-136
-29,-137
-26,-136
-23,-137
-25,-139
-25,-137
-25,-136
-24,-136
-24,-138
-21,-135
-19,-135
-21,-133
-23,-134
-24,-131
-25,-131
-26,-133
-23,-130
-20,-127
-17,-126
-14,-129
-11,-129
-8,-132
-6,-130
-3,-130
-3,-130
-3,-129
-2,-130
0,-132
-1,-134
-4,-136
-1,-134
0,-131
-3,-132
-3,-135
-2,-137
-1,-140
-3,-141
-3,-139
-3,-140
-1,-139
0,-136
3,-138
3,-136
4,-135
6,-137
9,-138
11,-139
9,-139
12,-139
13,-140
13,-141
13,-144
14,-141
15,-144
16,-141
15,-140
18,-140
18,-140
21,-141
23,-142
23,-141
22,-139
23,-137
21,-135
22,-135
23,-138
22,-136
25,-138
25,-137
26,-135
26,-137
23,-135
25,-138
28,-141
28,-139
26,-141
28,-140
26,-142
27,-141
29,-139
29,-138
31,-139
32,-139
31,-136
34,-136
32,-139
33,-140
32,-140
34,-138
36,-137
37,-136
37,-138
39,-140
39,-139
39,-137
42,-136
42,-138
39,-138
42,-141
41,-143
40,-141
42,-141
44,-141
44,-141
47,-142
50,-143
47,-140
47,-140
44,-138
44,-137
42,-135
40,-136
41,-138
41,-135
44,-136
46,-135
45,-138
46,-135
48,-136
46,-134
46,-131
47,-129
47,-129
45,-129
46,-129
44,-126
41,-129
39,-128
42,-125
45,-127
45,-125
44,-123
42,-120
44,-117
47,-116
46,-119
43,-116
44,-116
45,-115
48,-117
47,-117
50,-119
51,-120
49,-122
48,-122
48,-123
46,-123
44,-121
42,-121
42,-122
39,-124
41,-122
44,-125
45,-128
48,-131
47,-134
44,-133
43,-136
46,-137
47,-134
47,-137
50,-137
48,-134
51,-137
49,-134
49,-136
52,-137
49,-138
46,-135
45,-133
45,-132
42,-132
45,-129
45,-130
46,-132
44,-135
47,-136
45,-138
43,-141
43,-140
43,-141
42,-142
40,-139
39,-136
37,-138
36,-136
35,-133
36,-133
35,-132
35,-132
34,-133
32,-133
31,-136
28,-135
30,-135
28,-138
25,-140
23,-140
23,-139
25,-142
27,-142
27,-144
29,-144
29,-147
26,-147
27,-146
25,-147
25,-150
23,-153
20,-156
21,-159
18,-159
20,-158
18,-160
21,-159
22,-162
24,-160
25,-160
27,-158
24,-158
24,-161
22,-161
21,-164
20,-163
17,-160
15,-161
13,-161
10,-164
8,-162
8,-165
5,-163
5,-163
3,-165
0,-163
-2,-166
-5,-166
-7,-169
-7,-171
-4,-172
-4,-169
-6,-166
-9,-168
-10,-167
-10,-167
-10,-169
-8,-170
-9,-173
-11,-173
-8,-171
-11,-173
-9,-174
-11,-176
-10,-175
-7,-172
-7,-169
-6,-169
-6,-172
-6,-173
-5,-175
-2,-175
-1,-177
-3,-177
-1,-174
1,-173
2,-175
0,-174
2,-172
0,-170
-2,-167
-2,-168
0,-167
2,-167
2,-168
3,-170
3,-172
5,-172
7,-175
10,-178
11,-180
11,-177
8,-174
5,-174
6,-177
6,-176
6,-178
4,-176
6,-175
5,-175
8,-173
9,-172
8,-175
7,-172
8,-175
8,-173
9,-174
8,-171
10,-173
13,-171
16,-171
18,-173
20,-172
20,-169
17,-169
18,-169
21,-172
23,-171
24,-174
27,-177
29,-174
32,-175
32,-178
29,-180
26,-180
28,-177
31,-180
31,-178
29,-180
30,-179
31,-179
30,-176
30,-174
33,-171
32,-168
34,-166
37,-165
36,-163
33,-165
34,-162
37,-161
36,-158
33,-156
33,-155
32,-154
34,-157
36,-160
38,-163
41,-161
42,-161
41,-163
41,-161
40,-158
41,-161
38,-160
39,-158
41,-157
44,-154
41,-153
44,-152
46,-153
44,-153
45,-155
46,-157
46,-160
45,-161
42,-159
45,-157
42,-159
42,-159
42,-158
45,-155
44,-158
47,-158
50,-160
52,-161
51,-164
52,-166
54,-164
52,-167
51,-169
51,-167
53,-164
52,-162
49,-161
52,-162
50,-161
51,-163
54,-160
51,-160
48,-157
46,-154
47,-151
47,-150
49,-150
50,-148
49,-150
46,-151
45,-151
45,-153
44,-153
45,-152
44,-154
44,-153
44,-156
44,-158
45,-158
45,-161
42,-160
45,-159
45,-159
44,-162
46,-159
45,-157
47,-158
46,-158
47,-157
46,-159
47,-162
48,-160
48,-161
45,-163
47,-166
47,-164
47,-164
50,-162
51,-162
52,-159
54,-162
53,-160
52,-161
52,-159
50,-162
48,-164
47,-166
45,-164
48,-162
47,-162
48,-165
48,-165
45,-166
45,-163
44,-165
47,-164
46,-163
46,-166
49,-169
52,-168
55,-171
57,-173
56,-174
54,-175
52,-175
51,-177
50,-174
52,-177
50,-180
49,-177
48,-177
50,-177
52,-180
52,-183
54,-180
51,-182
49,-179
49,-179
46,-176
45,-173
44,-170
44,-172
46,-170
49,-173
52,-172
51,-169
54,-168
55,-166
55,-169
52,-169
52,-168
50,-168
52,-167
54,-167
54,-164
53,-163
52,-163
53,-161
54,-163
56,-163
57,-165
54,-167
55,-170
52,-167
53,-165
55,-167
57,-168
54,-165
54,-167
56,-167
56,-169
55,-169
52,-169
55,-170
57,-172
55,-174
54,-173
54,-170
56,-169
53,-172
56,-172
57,-173
60,-172
58,-174
58,-177
57,-178
60,-176
57,-178
55,-180
52,-178
54,-178
55,-178
54,-177
51,-176
51,-178
53,-175
55,-177
54,-176
56,-174
56,-173
53,-175
52,-176
54,-178
56,-179
56,-180
57,-182
58,-179
61,-176
63,-179
60,-178
59,-175
61,-175
59,-177
58,-178
61,-180
62,-179
64,-177
64,-174
62,-171
64,-168
67,-169
64,-169
62,-169
65,-166
67,-166
64,-164
62,-161
59,-164
56,-165
54,-163
52,-164
49,-161
52,-159
53,-156
51,-154
53,-151
52,-154
52,-155
49,-153
46,-156
46,-158
47,-155
47,-154
45,-152
45,-152
42,-155
42,-158
41,-156
43,-159
41,-161
41,-164
38,-163
41,-162
43,-159
41,-156
38,-156
39,-158
38,-157
39,-155
38,-156
38,-157
36,-158
36,-155
35,-153
34,-156
33,-154
35,-157
32,-158
30,-158
30,-158
30,-161
31,-162
30,-160
33,-160
32,-163
31,-161
34,-162
34,-164
35,-165
32,-162
35,-163
37,-161
35,-159
38,-158
35,-157
35,-155
37,-153
39,-155
41,-157
40,-158
38,-155
38,-155
38,-152
40,-154
40,-155
38,-152
36,-155
37,-154
40,-151
43,-151
44,-152
41,-149
44,-147
42,-150
40,-149
43,-152
41,-153
42,-155
44,-154
46,-157
46,-159
48,-159
47,-160
48,-161
46,-160
49,-163
51,-163
52,-161
54,-160
51,-158
49,-157
46,-160
44,-160
45,-163
45,-164
47,-162
49,-164
48,-161
51,-162
48,-163
50,-161
51,-160
51,-161
54,-158
55,-158
52,-159
51,-159
53,-162
54,-161
57,-161
55,-162
55,-161
58,-158
59,-157
59,-157
61,-157
59,-159
58,-161
61,-160
60,-158
58,-156
58,-158
60,-159
61,-162
59,-161
56,-164
56,-166
55,-166
58,-163
56,-162
55,-164
55,-165
54,-162
52,-161
52,-160
49,-158
47,-158
48,-157
50,-157
48,-159
48,-160
51,-157
53,-154
51,-155
48,-154
51,-153
48,-155
49,-153
52,-151
51,-149
54,-149
56,-147
59,-148
59,-145
59,-142
58,-142
61,-144
58,-145
55,-142
53,-143
54,-140
56,-143
57,-145
60,-147
61,-150
59,-150
60,-147
59,-144
57,-141
56,-139
59,-137
57,-135
60,-133
63,-131
64,-134
63,-136
66,-136
65,-137
64,-135
62,-138
62,-135
63,-135
66,-135
65,-135
67,-138
67,-139
70,-137
72,-137
73,-140
74,-137
73,-139
72,-136
75,-139
73,-142
73,-145
76,-145
76,-148
75,-150
76,-150
75,-147
76,-149
79,-148
80,-145
79,-148
76,-146
76,-144
78,-144
79,-142
80,-139
77,-139
80,-136
83,-139
86,-140
88,-141
86,-143
83,-146
85,-144
82,-147
83,-146
83,-147
80,-145
78,-142
77,-139
79,-140
76,-143
73,-141
71,-143
71,-140
68,-143
65,-145
65,-143
63,-144
65,-143
67,-143
64,-144
64,-146
61,-149
64,-146
63,-144
65,-145
68,-142
69,-139
68,-138
65,-136
63,-138
65,-136
66,-134
65,-137
67,-137
67,-134
65,-136
64,-139
64,-136
67,-136
64,-139
64,-139
63,-139
62,-139
65,-142
62,-140
62,-140
62,-138
59,-135
59,-132
61,-134
58,-133
56,-131
55,-128
53,-127
55,-127
58,-126
60,-125
61,-125
62,-123
63,-123
60,-125
60,-126
62,-129
60,-129
63,-129
61,-128
59,-130
57,-127
60,-124
61,-123
59,-121
62,-121
65,-121
65,-120
68,-120
69,-118
67,-119
70,-122
67,-125
70,-128
69,-129
68,-129
67,-128
70,-125
71,-127
69,-127
71,-128
73,-126
75,-127
76,-124
76,-127
73,-127
70,-124
69,-127
68,-129
71,-127
73,-130
76,-132
78,-133
77,-136
75,-139
75,-138
78,-136
78,-134
78,-131
78,-132
77,-131
74,-128
73,-130
73,-127
72,-129
72,-130
73,-128
75,-130
72,-131
73,-128
71,-130
70,-130
68,-133
71,-130
70,-128
72,-125
73,-125
75,-126
78,-127
78,-124
80,-124
82,-121
82,-124
81,-127
81,-126
82,-128
84,-127
84,-130
87,-130
90,-132
92,-132
93,-131
91,-132
92,-132
89,-131
86,-130
83,-129
85,-130
88,-131
87,-128
90,-129
89,-131
88,-132
91,-133
93,-134
94,-134
93,-135
91,-137
94,-136
97,-136
94,-139
95,-140
92,-137
95,-134
98,-133
97,-132
98,-132
98,-129
96,-132
95,-130
98,-127
97,-124
95,-126
98,-124
96,-123
96,-121
95,-118
97,-117
96,-115
93,-114
94,-113
95,-113
92,-116
95,-115
96,-117
94,-114
95,-111
96,-113
93,-114
96,-113
96,-112
97,-111
99,-109
100,-108
100,-107
97,-109
97,-112
94,-115
92,-116
89,-118
87,-117
85,-120
82,-120
84,-120
83,-120
80,-119
81,-118
83,-119
85,-116
86,-117
85,-118
87,-116
85,-116
84,-115
87,-115
88,-116
87,-115
84,-117
83,-120
81,-123
78,-124
78,-121
79,-121
80,-123
79,-122
81,-119
78,-119
78,-120
75,-120
76,-121
73,-119
73,-122
75,-119
74,-122
72,-122
69,-124
67,-123
68,-124
67,-123
70,-126
69,-128
66,-130
68,-129
67,-132
64,-131
61,-131
59,-133
58,-135
55,-135
53,-138
53,-140
56,-137
54,-135
52,-133
49,-131
50,-132
51,-129
53,-130
54,-133
52,-133
54,-132
51,-129
50,-132
53,-131
56,-134
54,-135
52,-133
54,-133
51,-134
51,-134
49,-131
49,-130
49,-133
50,-135
47,-137
50,-137
53,-135
53,-133
56,-133
53,-134
54,-136
51,-137
49,-136
49,-138
46,-137
49,-140
48,-141
45,-141
45,-143
46,-144
49,-144
50,-147
50,-149
53,-148
51,-151
54,-149
52,-149
53,-151
54,-153
54,-150
52,-147
53,-150
51,-152
52,-152
55,-155
52,-154
51,-157
54,-160
56,-159
53,-157
55,-154
56,-154
55,-152
54,-150
55,-148
56,-145
54,-146
55,-143
55,-141
56,-142
56,-141
57,-138
55,-138
55,-136
52,-138
52,-137
55,-138
53,-135
55,-135
55,-138
58,-138
61,-138
64,-136
65,-134
68,-131
69,-128
71,-129
69,-126
68,-127
69,-125
72,-123
75,-125
72,-127
75,-126
73,-124
73,-127
73,-129
76,-130
73,-130
74,-127
72,-124
69,-123
70,-125
68,-125
71,-125
71,-127
69,-130
72,-133
74,-132
73,-135
71,-134
70,-135
68,-137
67,-137
69,-136
69,-133
70,-136
69,-133
71,-132
70,-130
70,-129
69,-132
71,-130
74,-128
76,-131
73,-129
73,-131
76,-131
73,-128
73,-130
76,-132
75,-135
78,-138
80,-135
77,-135
76,-134
78,-136
78,-134
81,-134
83,-136
82,-135
79,-133
76,-135
79,-136
81,-133
80,-133
78,-130
78,-133
78,-135
77,-133
75,-131
72,-131
75,-131
76,-128
77,-126
80,-124
79,-122
77,-124
75,-122
75,-125
72,-123
74,-126
72,-128
75,-128
77,-131
78,-133
80,-131
77,-133
80,-131
77,-128
79,-130
78,-130
76,-133
79,-130
78,-130
80,-131
78,-129
78,-132
77,-132
76,-135
78,-136
79,-135
81,-133
80,-131
78,-133
79,-131
81,-129
84,-129
86,-126
85,-124
84,-122
84,-123
86,-120
85,-121
88,-124
85,-127
86,-125
83,-123
84,-125
87,-128
89,-128
89,-126
88,-126
87,-124
86,-124
88,-123
89,-123
92,-120
91,-123
88,-121
87,-124
89,-121
92,-118
92,-118
95,-119
92,-120
91,-117
90,-118
88,-116
89,-118
86,-117
84,-117
87,-119
87,-120
88,-120
85,-122
84,-125
87,-126
84,-128
83,-126
84,-129
83,-130
83,-129
86,-126
88,-127
87,-125
87,-124
89,-123
92,-122
93,-122
94,-122
97,-119
100,-118
97,-115
97,-118
97,-117
100,-119
98,-118
96,-118
98,-118
100,-120
98,-122
101,-123
104,-126
106,-129
105,-132
108,-130
106,-130
106,-133
109,-134
112,-135
111,-138
113,-140
116,-141
117,-138
114,-140
112,-137
113,-137
115,-135
115,-136
112,-138
113,-135
110,-138
108,-135
110,-132
113,-132
113,-131
115,-130
112,-133
113,-133
111,-133
109,-133
111,-133
114,-132
115,-134
118,-134
121,-136
122,-133
119,-130
121,-130
123,-131
122,-129
124,-130
122,-127
119,-125
120,-126
122,-126
119,-128
121,-126
122,-125
122,-128
123,-126
124,-124
125,-123
127,-123
126,-124
127,-125
125,-122
123,-124
120,-124
119,-123
116,-123
114,-123
117,-124
115,-123
115,-126
116,-124
119,-125
117,-124
119,-126
121,-124
118,-122
121,-123
118,-120
119,-122
120,-123
120,-123
119,-120
116,-119
117,-121
114,-119
115,-120
113,-118
110,-120
108,-118
105,-119
104,-116
104,-117
106,-120
108,-118
110,-121
108,-118
111,-121
112,-119
114,-121
113,-121
115,-118
112,-119
110,-118
113,-115
110,-118
113,-120
110,-118
107,-120
107,-122
107,-120
108,-119
106,-117
105,-116
104,-114
103,-117
100,-116
100,-119
98,-116
95,-115
98,-114
98,-112
98,-111
100,-114
102,-111
100,-109
103,-110
101,-107
99,-104
96,-107
97,-104
95,-105
97,-107
98,-105
95,-107
96,-105
95,-102
98,-100
99,-103
97,-104
94,-102
97,-103
95,-101
98,-102
100,-104
99,-107
101,-105
99,-105
97,-106
95,-107
95,-107
94,-110
97,-111
95,-114
93,-115
96,-112
98,-111
100,-108
98,-109
95,-108
95,-106
97,-109
94,-110
94,-112
92,-114
91,-114
92,-116
93,-115
91,-117
93,-119
90,-121
89,-122
92,-122
92,-125
90,-125
89,-124
88,-125
90,-123
90,-124
89,-121
91,-123
88,-125
90,-124
87,-122
84,-119
87,-120
90,-118
89,-121
91,-121
94,-122
91,-120
94,-123
94,-126
93,-123
95,-120
97,-120
98,-123
100,-122
99,-125
99,-123
101,-120
102,-119
101,-116
98,-113
96,-110
94,-113
91,-115
94,-118
96,-115
94,-114
97,-117
95,-114
92,-111
94,-114
96,-117
99,-116
96,-119
99,-119
101,-117
103,-117
102,-116
105,-118
104,-118
101,-115
101,-113
99,-114
98,-112
96,-112
97,-113
94,-112
94,-110
95,-112
96,-113
98,-114
99,-112
96,-112
95,-113
92,-112
91,-110
92,-109
93,-107
93,-106
92,-106
93,-104
95,-101
93,-103
93,-103
90,-102
90,-100
88,-100
87,-99
84,-102
81,-105
80,-106
83,-108
86,-111
86,-108
87,-107
90,-107
90,-105
93,-105
91,-106
93,-106
94,-109
94,-109
96,-112
98,-115
101,-117
100,-118
98,-115
96,-112
94,-111
95,-108
92,-111
93,-109
93,-110
95,-109
97,-106
94,-103
94,-101
91,-101
93,-102
96,-100
97,-97
95,-98
97,-99
96,-96
94,-96
96,-96
97,-93
94,-94
97,-92
100,-94
98,-97
99,-97
102,-94
105,-96
105,-96
104,-97
102,-94
99,-96
102,-93
102,-91
103,-89
106,-88
105,-91
102,-94
103,-94
104,-97
102,-94
105,-91
103,-90
100,-88
103,-90
105,-92
108,-90
110,-91
111,-89
109,-91
108,-91
111,-90
110,-88
113,-89
114,-89
112,-87
109,-87
106,-85
103,-85
106,-82
109,-85
108,-85
106,-82
109,-85
107,-87
106,-90
109,-90
106,-89
103,-88
104,-90
106,-90
106,-93
108,-92
111,-90
109,-91
112,-91
110,-88
108,-85
110,-83
110,-81
111,-81
113,-82
113,-81
110,-82
107,-84
105,-87
104,-90
107,-88
110,-87
108,-88
107,-86
107,-86
104,-84
107,-84
109,-84
108,-86
108,-88
105,-88
107,-87
106,-89
104,-91
102,-94
100,-92
103,-95
103,-94
101,-96
104,-93
105,-95
108,-96
105,-95
108,-92
108,-90
110,-88
113,-85
111,-83
108,-80
107,-79
105,-76
102,-73
103,-74
102,-75
103,-78
105,-77
102,-76
103,-77
105,-77
102,-77
99,-80
100,-80
97,-80
95,-80
92,-82
92,-85
94,-86
91,-86
91,-84
88,-81
85,-83
86,-83
84,-80
86,-77
84,-79
83,-82
84,-80
85,-78
83,-76
86,-76
87,-78
85,-76
86,-73
83,-70
81,-69
79,-68
79,-70
80,-70
81,-70
79,-73
76,-76
73,-74
75,-75
72,-72
73,-75
76,-75
76,-72
74,-73
73,-76
73,-78
76,-77
75,-80
75,-83
72,-85
73,-85
76,-83
75,-85
78,-83
78,-86
79,-86
82,-87
81,-90
79,-92
79,-93
77,-92
74,-93
72,-95
70,-92
72,-93
72,-95
69,-92
67,-95
68,-92
67,-92
65,-91
62,-88
60,-88
59,-88
56,-88
56,-85
53,-87
53,-89
50,-88
53,-90
52,-88
51,-90
48,-92
51,-94
49,-97
48,-96
48,-94
48,-96
49,-95
51,-96
54,-99
56,-96
58,-98
58,-96
59,-99
61,-97
63,-94
60,-91
57,-94
54,-95
52,-94
54,-97
52,-97
53,-94
56,-95
56,-92
58,-92
58,-93
61,-90
58,-90
60,-90
59,-87
57,-84
55,-82
57,-85
60,-88
57,-89
55,-88
52,-85
53,-83
53,-86
56,-89
55,-87
55,-89
55,-87
56,-90
54,-89
53,-91
51,-91
53,-89
53,-89
55,-91
52,-93
52,-95
50,-96
50,-94
47,-91
48,-90
50,-89
52,-89
50,-89
50,-86
48,-86
49,-84
49,-87
49,-87
47,-89
45,-89
42,-91
45,-92
48,-95
49,-98
52,-95
49,-93
51,-91
51,-90
49,-91
49,-88
49,-86
48,-88
50,-89
49,-92
52,-94
52,-91
50,-88
50,-89
52,-92
51,-90
49,-92
49,-94
50,-97
52,-99
54,-97
55,-95
55,-93
57,-96
55,-96
55,-96
55,-93
54,-90
56,-92
58,-90
59,-92
58,-95
61,-97
60,-96
62,-96
62,-98
61,-100
62,-101
61,-103
62,-102
65,-102
64,-103
65,-106
64,-103
67,-106
66,-106
64,-103
65,-106
68,-105
69,-107
70,-107
67,-104
70,-105
69,-107
70,-110
72,-113
69,-114
67,-113
68,-114
69,-114
66,-115
65,-118
67,-117
65,-116
66,-114
65,-115
68,-115
70,-118
73,-120
75,-119
73,-120
73,-118
75,-118
75,-118
78,-115
80,-118
78,-117
75,-120
73,-118
71,-120
68,-122
65,-124
64,-124
66,-123
69,-126
68,-129
65,-127
65,-129
68,-128
68,-127
66,-125
67,-126
65,-125
63,-124
64,-127
66,-125
63,-124
63,-123
61,-126
62,-125
61,-128
59,-129
59,-129
56,-126
54,-129
52,-132
54,-131
55,-134
54,-132
53,-134
56,-136
53,-137
56,-140
56,-138
53,-137
51,-136
49,-133
48,-133
48,-134
49,-132
49,-130
47,-127
48,-124
48,-123
48,-123
49,-122
47,-122
47,-124
48,-122
50,-119
52,-121
50,-120
51,-121
53,-124
54,-125
54,-126
52,-129
54,-127
57,-129
57,-131
60,-129
63,-132
60,-132
57,-133
55,-132
57,-134
59,-132
61,-131
62,-128
62,-131
64,-130
64,-129
62,-130
65,-133
67,-132
65,-134
67,-137
64,-139
63,-137
61,-135
63,-132
62,-132
60,-130
61,-129
63,-132
64,-130
61,-132
63,-131
66,-129
63,-130
62,-132
60,-129
60,-126
57,-123
57,-125
57,-122
55,-122
54,-123
52,-123
54,-121
51,-122
51,-124
49,-124
47,-123
45,-124
42,-126
41,-129
44,-130
42,-131
39,-129
39,-128
41,-126
44,-123
45,-124
48,-125
51,-122
48,-121
49,-120
47,-120
45,-122
48,-124
45,-124
46,-126
44,-127
44,-127
43,-127
42,-129
40,-132
41,-134
43,-132
41,-135
43,-135
45,-138
46,-139
48,-138
48,-141
49,-139
47,-138
50,-139
50,-137
47,-134
46,-133
44,-130
42,-131
40,-130
40,-129
37,-131
40,-129
41,-127
38,-130
38,-127
36,-124
35,-122
33,-120
34,-119
36,-116
35,-116
33,-118
36,-121
35,-123
37,-126
34,-127
34,-126
32,-124
33,-122
30,-122
28,-119
25,-116
26,-118
24,-120
26,-122
28,-119
29,-117
28,-114
29,-116
28,-115
26,-118
25,-116
23,-115
21,-116
24,-115
24,-114
22,-115
21,-114
21,-117
21,-115
19,-115
20,-112
21,-113
23,-111
23,-113
21,-116
24,-116
25,-119
28,-122
26,-124
24,-124
24,-121
27,-124
29,-126
29,-127
26,-129
29,-128
30,-126
31,-128
32,-130
31,-132
29,-129
29,-132
30,-129
27,-129
28,-131
30,-133
28,-132
31,-131
29,-132
32,-133
35,-132
35,-132
34,-133
37,-131
40,-129
40,-129
41,-128
43,-129
40,-131
40,-130
39,-131
39,-131
37,-129
38,-129
39,-130
42,-130
43,-131
44,-132
45,-132
46,-135
43,-137
42,-136
45,-134
46,-136
49,-135
48,-134
50,-132
51,-134
54,-132
54,-133
57,-131
58,-131
56,-134
53,-137
53,-140
53,-142
51,-144
52,-145
49,-142
49,-145
46,-146
46,-143
47,-146
49,-148
49,-145
51,-145
51,-145
50,-145
51,-143
49,-143
51,-142
49,-145
50,-145
53,-142
51,-141
52,-140
50,-139
52,-140
51,-137
49,-138
51,-137
51,-135
52,-135
49,-138
52,-135
49,-133
50,-135
49,-136
47,-136
46,-136
43,-138
46,-140
48,-137
51,-137
52,-139
53,-139
52,-137
54,-134
53,-136
51,-134
51,-132
53,-134
53,-131
56,-131
54,-130
54,-130
51,-133
54,-135
54,-136
52,-133
52,-135
53,-138
52,-136
49,-137
50,-138
51,-138
49,-137
48,-137
47,-134
49,-135
52,-136
49,-135
52,-132
50,-134
47,-133
49,-131
49,-131
50,-133
47,-133
50,-132
51,-134
49,-133
52,-131
52,-134
50,-135
50,-132
50,-134
51,-135
49,-138
47,-140
44,-141
47,-142
45,-144
42,-145
41,-146
40,-148
39,-145
41,-146
39,-147
41,-144
44,-144
42,-142
39,-142
41,-145
43,-145
46,-145
48,-148
48,-149
45,-150
44,-150
41,-153
41,-154
44,-153
47,-155
45,-157
42,-155
45,-157
47,-157
50,-159
53,-161
56,-160
59,-161
58,-160
57,-160
55,-162
58,-159
55,-160
55,-158
53,-156
50,-158
53,-160
54,-158
57,-156
56,-153
56,-153
58,-155
58,-153
60,-150
60,-153
59,-151
61,-152
58,-153
60,-156
58,-156
55,-158
53,-160
56,-158
56,-159
53,-159
53,-159
56,-159
57,-157
57,-159
60,-159
60,-157
63,-155
61,-158
64,-157
66,-157
67,-156
67,-158
70,-156
73,-153
73,-153
74,-150
75,-151
78,-153
75,-156
73,-159
74,-158
75,-156
74,-155
76,-156
77,-157
75,-160
77,-157
79,-157
79,-160
79,-163
79,-160
79,-157
78,-158
79,-155
79,-154
82,-155
79,-152
79,-150
80,-151
80,-152
79,-155
77,-155
75,-158
76,-160
79,-161
77,-158
75,-155
72,-152
73,-153
76,-150
77,-152
75,-153
73,-150
71,-151
73,-149
72,-150
72,-152
71,-155
72,-156
69,-156
69,-158
66,-157
69,-155
71,-157
72,-160
74,-157
75,-154
72,-156
69,-155
66,-152
67,-150
65,-150
62,-149
64,-151
67,-150
67,-147
68,-144
70,-146
69,-143
72,-140
71,-140
71,-140
69,-143
66,-143
67,-144
69,-143
66,-142
68,-144
69,-144
68,-147
65,-144
65,-147
63,-150
63,-148
61,-145
64,-146
66,-146
63,-143
60,-146
63,-143
61,-144
60,-143
61,-145
61,-145
64,-145
66,-143
69,-142
69,-142
69,-140
71,-138
73,-136
70,-136
70,-136
71,-136
72,-137
70,-135
73,-136
75,-138
72,-138
73,-135
72,-134
69,-137
66,-139
67,-136
66,-139
64,-142
65,-142
64,-141
61,-144
60,-142
57,-139
60,-142
61,-144
63,-143
64,-142
67,-145
67,-144
67,-146
67,-143
68,-145
66,-147
67,-145
70,-145
73,-148
75,-145
74,-144
75,-146
76,-149
73,-146
76,-143
73,-146
70,-146
71,-144
69,-143
68,-141
67,-138
70,-137
72,-134
75,-136
73,-138
71,-141
70,-140
70,-139
67,-136
64,-134
63,-136
66,-137
64,-140
67,-139
69,-139
69,-139
68,-140
65,-142
66,-144
69,-146
67,-144
68,-141
70,-141
69,-143
72,-143
69,-144
72,-147
72,-144
73,-142
73,-141
75,-142
72,-139
73,-139
75,-140
75,-139
75,-136
76,-134
73,-137
73,-136
72,-133
74,-131
75,-131
73,-130
71,-131
68,-133
67,-134
67,-134
65,-131
62,-134
64,-133
63,-130
62,-133
65,-133
62,-132
59,-130
62,-128
62,-125
59,-126
62,-123
62,-124
62,-124
63,-122
62,-121
64,-119
63,-120
62,-117
63,-117
63,-115
63,-115
60,-113
61,-110
58,-113
59,-110
56,-108
54,-109
57,-106
56,-105
55,-106
57,-107
60,-108
60,-108
62,-110
60,-112
62,-115
61,-116
61,-118
59,-121
58,-121
61,-122
58,-121
59,-121
57,-124
57,-124
59,-123
62,-123
64,-126
62,-125
65,-124
65,-124
63,-123
63,-120
65,-120
64,-121
67,-120
64,-120
63,-121
60,-120
62,-121
65,-119
64,-118
63,-116
61,-119
62,-122
64,-122
64,-124
66,-122
66,-120
69,-123
69,-121
66,-123
66,-124
66,-125
64,-127
63,-125
65,-123
67,-121
70,-118
73,-118
73,-117
74,-119
76,-121
79,-118
79,-120
82,-122
79,-119
76,-121
79,-119
76,-116
79,-116
79,-119
77,-117
78,-115
78,-114
76,-111
74,-114
76,-116
76,-119
76,-119
79,-120
77,-118
75,-115
73,-112
76,-115
78,-114
78,-114
76,-115
73,-115
73,-112
76,-114
78,-115
75,-112
78,-111
77,-112
77,-109
76,-108
79,-110
82,-109
85,-109
83,-112
85,-112
83,-109
85,-106
86,-104
84,-104
83,-105
85,-107
83,-105
83,-103
86,-101
88,-98
90,-101
88,-100
89,-101
87,-98
86,-100
85,-97
87,-100
89,-97
87,-94
86,-94
85,-96
86,-94
86,-96
87,-98
84,-98
87,-97
88,-94
86,-95
86,-93
84,-92
87,-95
84,-92
84,-90
86,-91
85,-88
86,-91
84,-91
81,-90
80,-87
81,-85
80,-87
81,-88
83,-85
83,-83
82,-85
81,-83
80,-80
80,-83
77,-85
78,-87
80,-85
79,-85
82,-82
82,-82
79,-81
80,-84
80,-84
82,-82
84,-79
85,-79
84,-78
86,-79
83,-78
83,-80
80,-77
79,-79
76,-79
73,-79
71,-78
68,-77
69,-75
69,-78
67,-76
67,-78
67,-76
66,-75
65,-72
63,-70
65,-71
68,-74
67,-73
70,-70
69,-70
68,-68
68,-67
66,-67
66,-67
67,-69
67,-71
70,-68
73,-67
74,-64
71,-63
68,-64
69,-67
70,-70
70,-69
71,-71
69,-69
66,-66
63,-67
65,-70
66,-69
65,-71
64,-73
65,-75
63,-72
62,-70
64,-70
67,-67
68,-65
66,-67
64,-66
64,-67
62,-65
61,-64
64,-61
63,-58
64,-60
67,-61
68,-64
66,-67
68,-64
65,-63
68,-64
68,-63
65,-64
63,-65
61,-62
58,-61
58,-58
61,-59
64,-57
61,-59
62,-60
61,-58
63,-59
64,-57
67,-56
66,-59
68,-59
70,-60
72,-60
70,-61
72,-60
72,-59
69,-57
72,-58
72,-57
69,-56
70,-57
71,-55
68,-53
68,-51
65,-49
67,-52
65,-53
68,-50
69,-53
72,-52
70,-55
72,-52
74,-49
75,-46
76,-44
78,-43
77,-46
80,-49
78,-50
81,-53
79,-52
78,-50
78,-51
76,-54
79,-55
76,-55
78,-56
80,-53
79,-51
77,-48
77,-48
75,-45
77,-45
78,-46
75,-45
74,-43
75,-42
78,-40
78,-38
79,-35
82,-32
83,-31
83,-33
84,-33
83,-30
85,-27
83,-24
84,-25
83,-24
81,-23
84,-20
82,-21
85,-18
86,-18
85,-19
87,-16
88,-14
91,-16
91,-14
89,-16
90,-17
93,-15
91,-15
94,-13
93,-12
90,-14
91,-16
93,-13
94,-13
92,-15
91,-17
94,-14
94,-14
96,-12
95,-13
96,-11
96,-10
95,-9
92,-11
94,-10
92,-11
91,-13
90,-10
87,-9
88,-6
91,-9
94,-12
96,-15
98,-12
96,-15
95,-13
95,-16
94,-18
97,-18
95,-16
94,-16
91,-18
94,-20
93,-21
92,-19
95,-19
95,-22
98,-24
95,-27
92,-27
91,-24
93,-22
93,-21
92,-18
95,-15
94,-14
92,-16
90,-17
92,-20
92,-22
93,-23
91,-26
92,-26
89,-23
87,-20
85,-19
85,-20
87,-23
88,-25
91,-28
89,-30
87,-27
87,-26
87,-25
89,-28
90,-31
87,-33
90,-35
92,-36
89,-33
88,-34
86,-35
87,-38
89,-36
87,-34
88,-32
89,-30
90,-31
88,-34
90,-32
93,-31
93,-31
91,-30
92,-33
94,-36
97,-36
96,-38
93,-40
94,-42
93,-43
93,-45
96,-42
99,-43
100,-44
103,-46
102,-48
103,-48
101,-46
103,-46
102,-47
104,-47
102,-48
100,-51
102,-52
101,-53
103,-53
105,-51
102,-54
101,-53
98,-52
99,-50
102,-49
104,-52
105,-54
104,-57
106,-57
109,-54
110,-55
110,-56
108,-56
110,-56
113,-53
111,-50
108,-51
109,-48
106,-45
109,-42
111,-40
109,-42
107,-39
108,-41
110,-43
110,-43
110,-40
111,-41
113,-39
114,-40
116,-37
119,-38
122,-35
119,-33
120,-36
122,-34
122,-37
124,-36
127,-39
129,-41
130,-43
127,-41
124,-43
121,-45
118,-44
121,-46
120,-46
121,-46
119,-46
120,-49
119,-47
116,-45
115,-46
115,-45
115,-45
118,-45
119,-47
120,-47
118,-49
121,-51
119,-52
119,-55
116,-57
115,-59
113,-57
115,-58
113,-60
110,-59
107,-62
108,-61
107,-61
104,-64
107,-64
105,-62
103,-59
103,-56
100,-53
102,-55
103,-56
102,-55
104,-55
105,-57
103,-54
105,-53
106,-52
104,-50
102,-48
100,-45
98,-45
101,-42
99,-39
99,-41
101,-42
102,-39
102,-39
105,-38
105,-37
102,-40
99,-37
96,-39
95,-42
92,-40
93,-41
93,-41
94,-38
96,-37
93,-39
96,-38
95,-35
97,-33
100,-36
99,-33
101,-36
101,-36
102,-38
100,-36
101,-38
98,-38
101,-36
99,-34
98,-37
98,-40
98,-43
97,-42
94,-43
93,-40
95,-43
98,-44
101,-45
98,-47
96,-47
95,-46
92,-47
95,-44
93,-43
92,-45
92,-48
91,-46
92,-47
91,-47
92,-45
90,-47
89,-46
87,-43
